-- phpMyAdmin SQL Dump
-- version 5.2.1
-- https://www.phpmyadmin.net/
--
-- Host: 127.0.0.1
-- Generation Time: Nov 04, 2024 at 06:38 AM
-- Server version: 10.4.32-MariaDB
-- PHP Version: 8.2.12

SET SQL_MODE = "NO_AUTO_VALUE_ON_ZERO";
START TRANSACTION;
SET time_zone = "+00:00";


/*!40101 SET @OLD_CHARACTER_SET_CLIENT=@@CHARACTER_SET_CLIENT */;
/*!40101 SET @OLD_CHARACTER_SET_RESULTS=@@CHARACTER_SET_RESULTS */;
/*!40101 SET @OLD_COLLATION_CONNECTION=@@COLLATION_CONNECTION */;
/*!40101 SET NAMES utf8mb4 */;

--
-- Database: `sql_oceanhr_bosy`
--

-- --------------------------------------------------------

--
-- Table structure for table `b_employees`
--

CREATE TABLE `b_employees` (
  `E_id` int(11) NOT NULL,
  `E_Fname` varchar(256) DEFAULT NULL,
  `E_Mname` varchar(256) DEFAULT NULL,
  `E_Lname` varchar(256) DEFAULT NULL,
  `E_Sname` varchar(256) DEFAULT NULL,
  `E_Bday` date DEFAULT NULL,
  `E_NIC` varchar(50) DEFAULT NULL,
  `E_Religion` varchar(256) DEFAULT NULL,
  `E_PAddress` text DEFAULT NULL,
  `E_TAddress` text DEFAULT NULL,
  `E_Mobile` int(15) DEFAULT NULL,
  `E_Landno` int(15) DEFAULT NULL,
  `E_PEmail` varchar(256) DEFAULT NULL,
  `E_MaritalStatus` varchar(256) DEFAULT NULL,
  `E_Gender` varchar(256) DEFAULT NULL,
  `E_law` varchar(256) DEFAULT NULL,
  `E_lawDT` varchar(256) DEFAULT NULL,
  `E_health` varchar(256) DEFAULT NULL,
  `E_healthDT` text DEFAULT NULL,
  `E_email` varchar(256) DEFAULT NULL,
  `E_emergency_Name` varchar(256) DEFAULT NULL,
  `E_emergency_Reletionship` varchar(256) DEFAULT NULL,
  `E_emergency_CNumber` varchar(256) DEFAULT NULL,
  `E_Company` int(11) DEFAULT NULL,
  `E_Number` varchar(50) DEFAULT NULL,
  `E_Jdate` date DEFAULT NULL,
  `E_Status` varchar(256) DEFAULT NULL,
  `E_Cmobile` varchar(50) DEFAULT NULL,
  `E_Department` int(11) DEFAULT NULL,
  `E_Position` varchar(256) DEFAULT NULL,
  `E_Image` text DEFAULT NULL,
  `E_Active_no` int(11) DEFAULT 0,
  `FP_Id` int(11) DEFAULT NULL,
  `good_name` varchar(100) DEFAULT NULL,
  `emp_location_id` int(11) DEFAULT NULL
) ENGINE=InnoDB DEFAULT CHARSET=utf8mb4 COLLATE=utf8mb4_general_ci;

--
-- Dumping data for table `b_employees`
--

INSERT INTO `b_employees` (`E_id`, `E_Fname`, `E_Mname`, `E_Lname`, `E_Sname`, `E_Bday`, `E_NIC`, `E_Religion`, `E_PAddress`, `E_TAddress`, `E_Mobile`, `E_Landno`, `E_PEmail`, `E_MaritalStatus`, `E_Gender`, `E_law`, `E_lawDT`, `E_health`, `E_healthDT`, `E_email`, `E_emergency_Name`, `E_emergency_Reletionship`, `E_emergency_CNumber`, `E_Company`, `E_Number`, `E_Jdate`, `E_Status`, `E_Cmobile`, `E_Department`, `E_Position`, `E_Image`, `E_Active_no`, `FP_Id`, `good_name`, `emp_location_id`) VALUES
(1, 'Nipunika ', 'Oshadi ', 'Athuraliya', '', '1991-02-27', '', NULL, NULL, NULL, NULL, NULL, NULL, NULL, NULL, NULL, NULL, NULL, NULL, NULL, NULL, NULL, NULL, 1, '6240', '2023-01-02', NULL, '777707315', 15, NULL, NULL, 0, 6240, 'Oshadi', 1),
(2, 'Prasanna ', 'Jayaranji ', 'Danwatta', '', '1975-05-17', '', NULL, NULL, NULL, NULL, NULL, NULL, NULL, NULL, NULL, NULL, NULL, NULL, NULL, NULL, NULL, NULL, 1, '6327', '2024-02-19', NULL, '776742641', 6, NULL, NULL, 0, 112, 'Prasanna', 1),
(3, 'Niranjan', 'Krishantha', '', 'Wedamulle Madinage  ', '1969-06-25', '', NULL, NULL, NULL, NULL, NULL, NULL, NULL, NULL, NULL, NULL, NULL, NULL, NULL, NULL, NULL, NULL, 1, '6316', '2024-01-01', NULL, '774872611', 6, NULL, NULL, 0, 95, 'Krishantha', 1),
(4, 'Dinesh ', 'Shya ', 'Somathilaka', '', '1972-12-14', '', NULL, NULL, NULL, NULL, NULL, NULL, NULL, NULL, NULL, NULL, NULL, NULL, NULL, NULL, NULL, NULL, 1, '6311', '2023-12-01', NULL, '772923242', 6, NULL, NULL, 0, 90, 'Dinesh', 1),
(5, 'Lakshini ', 'Kaveesha Gimhani ', 'Peiris', 'Dedigamuwage ', '1999-10-25', '', NULL, NULL, NULL, NULL, NULL, NULL, NULL, NULL, NULL, NULL, NULL, NULL, NULL, NULL, NULL, NULL, 1, '6310', '2023-12-11', NULL, '772348989', 6, NULL, NULL, 0, 94, 'Kaveesha', 1),
(6, 'Shanaka ', 'Prasantha ', 'Silva', 'M', '1971-02-16', '', NULL, NULL, NULL, NULL, NULL, NULL, NULL, NULL, NULL, NULL, NULL, NULL, NULL, NULL, NULL, NULL, 1, '6317', '2024-01-08', NULL, '777121923', 6, NULL, NULL, 0, 96, 'Shanaka', 1),
(7, 'Ishara ', 'Madhushani ', 'Kalubadanage', '', '2003-08-03', '', NULL, NULL, NULL, NULL, NULL, NULL, NULL, NULL, NULL, NULL, NULL, NULL, NULL, NULL, NULL, NULL, 1, '6325', '2024-02-03', NULL, '740736033', 6, NULL, NULL, 0, 114, 'Ishara', 1),
(8, 'Bhavithran', '', '', '', '1995-08-03', '', NULL, NULL, NULL, NULL, NULL, NULL, NULL, NULL, NULL, NULL, NULL, NULL, NULL, NULL, NULL, NULL, 2, '6301', '2019-09-29', NULL, '777121916', 18, NULL, NULL, 0, 5, '', 1),
(9, 'Dinusha ', 'Ruwanthi ', 'Rupasingha', 'Henegama Kosgollegedara ', '1998-02-15', '', NULL, NULL, NULL, NULL, NULL, NULL, NULL, NULL, NULL, NULL, NULL, NULL, NULL, NULL, NULL, NULL, 1, '', '2024-01-23', NULL, '740210230', 6, NULL, NULL, 0, 102, 'Dinusha', 1),
(10, 'Anusha ', 'Madhurani ', 'Jayalath', 'Dewayalage ', '1997-05-25', '', NULL, NULL, NULL, NULL, NULL, NULL, NULL, NULL, NULL, NULL, NULL, NULL, NULL, NULL, NULL, NULL, 1, '', '2024-01-23', NULL, '766993764', 6, NULL, NULL, 0, 113, 'Anusha', 1),
(11, 'Sandaruwan ', 'Dilhan ', 'Wijesinghe', 'Koranis Koralalage ', '1998-02-09', '', NULL, NULL, NULL, NULL, NULL, NULL, NULL, NULL, NULL, NULL, NULL, NULL, NULL, NULL, NULL, NULL, 1, '', '2024-01-09', NULL, '769426102', 6, NULL, NULL, 0, 80, 'Sandaruwan', 1),
(12, 'Janitha ', 'Madushan ', 'Chandrasiri', 'Pallegedara Dewayalage ', '1998-03-27', '', NULL, NULL, NULL, NULL, NULL, NULL, NULL, NULL, NULL, NULL, NULL, NULL, NULL, NULL, NULL, NULL, 1, '', '2024-01-09', NULL, '769425741', 6, NULL, NULL, 0, 6, 'Janitha', 1),
(13, 'Harendra ', 'Mayuran', '', '', NULL, '', NULL, NULL, NULL, NULL, NULL, NULL, NULL, NULL, NULL, NULL, NULL, NULL, NULL, NULL, NULL, NULL, 1, '', NULL, NULL, '', 6, NULL, NULL, 0, 160, '', 1),
(14, 'Dilon', '', '', '', NULL, '', NULL, NULL, NULL, NULL, NULL, NULL, NULL, NULL, NULL, NULL, NULL, NULL, NULL, NULL, NULL, NULL, 1, '', NULL, NULL, '', 6, NULL, NULL, 0, 165, '', 1),
(15, 'Dilshani', '', '', '', NULL, '', NULL, NULL, NULL, NULL, NULL, NULL, NULL, NULL, NULL, NULL, NULL, NULL, NULL, NULL, NULL, NULL, 1, '', NULL, NULL, '', 6, NULL, NULL, 0, 159, '', 1),
(16, 'Wasana', '', '', '', NULL, '', NULL, NULL, NULL, NULL, NULL, NULL, NULL, NULL, NULL, NULL, NULL, NULL, NULL, NULL, NULL, NULL, 1, '', NULL, NULL, '', 6, NULL, NULL, 0, 158, '', 1),
(17, 'Mohomed ', 'Usman ', '', '', NULL, '', NULL, NULL, NULL, NULL, NULL, NULL, NULL, NULL, NULL, NULL, NULL, NULL, NULL, NULL, NULL, NULL, 1, '', NULL, NULL, '', 6, NULL, NULL, 0, 164, '', 1),
(18, 'Dushmantha ', 'Nirmala ', 'Weerasinghe', 'Weerasinghe Mudiyanselage ', '1991-01-21', '', NULL, NULL, NULL, NULL, NULL, NULL, NULL, NULL, NULL, NULL, NULL, NULL, NULL, NULL, NULL, NULL, 1, '6263', '2023-05-22', NULL, '777708379', 1, NULL, NULL, 0, 70, 'Dushmantha', 1),
(19, 'Shevon ', 'Sankalpa ', 'Perera', 'Gulawitage ', '1997-03-22', '', NULL, NULL, NULL, NULL, NULL, NULL, NULL, NULL, NULL, NULL, NULL, NULL, NULL, NULL, NULL, NULL, 1, '6262', '2023-05-15', NULL, '761383470', 1, NULL, NULL, 0, 69, 'Shevon', 1),
(20, 'Samudika ', 'Ranmali ', '', '', '1991-03-04', '', NULL, NULL, NULL, NULL, NULL, NULL, NULL, NULL, NULL, NULL, NULL, NULL, NULL, NULL, NULL, NULL, 1, '6323', '2024-01-22', NULL, '765808530', 1, NULL, NULL, 0, 103, 'Samudika', 1),
(21, 'Geeth ', 'Kumara ', 'Perera', '', '1993-01-24', '', NULL, NULL, NULL, NULL, NULL, NULL, NULL, NULL, NULL, NULL, NULL, NULL, NULL, NULL, NULL, NULL, 1, '6293', '2023-10-04', NULL, '761383486', 1, NULL, NULL, 0, 82, 'Geeth', 1),
(22, 'Ruvini ', 'Tharangi ', 'Liyanapathirana', '', '1989-10-30', '', NULL, NULL, NULL, NULL, NULL, NULL, NULL, NULL, NULL, NULL, NULL, NULL, NULL, NULL, NULL, NULL, 1, '6342', '2024-03-01', NULL, '761383531', 1, NULL, NULL, 0, 71, 'Ruvini', 1),
(23, 'Mayuran', '', '', 'G', '1985-04-12', '', NULL, NULL, NULL, NULL, NULL, NULL, NULL, NULL, NULL, NULL, NULL, NULL, NULL, NULL, NULL, NULL, 4, '6302', '2015-12-01', NULL, '772348690', 9, NULL, NULL, 0, 1, 'Mayuran', 1),
(24, 'Saiedu ', 'Mohamed ', 'Sham', 'Mohamed ', '1989-07-05', '', NULL, NULL, NULL, NULL, NULL, NULL, NULL, NULL, NULL, NULL, NULL, NULL, NULL, NULL, NULL, NULL, 2, '6299', '2014-06-16', NULL, '768231448', 4, NULL, NULL, 0, 2, 'Sham', 1),
(25, 'Udam ', 'Ranga ', 'Nakalanda', '', '1977-11-01', '', NULL, NULL, NULL, NULL, NULL, NULL, NULL, NULL, NULL, NULL, NULL, NULL, NULL, NULL, NULL, NULL, 4, '6305', '2021-07-08', NULL, '777402070', 9, NULL, NULL, 0, 10, 'Ranga', 1),
(26, 'Yasiru', 'Chathumal', 'Munasinghe', 'Munasinghe Arachchilage', '2000-01-05', '', NULL, NULL, NULL, NULL, NULL, NULL, NULL, NULL, NULL, NULL, NULL, NULL, NULL, NULL, NULL, NULL, 1, '', NULL, NULL, '', 1, NULL, NULL, 0, 111, '', 1),
(27, 'Ashviny ', 'Srirameshan', '', '', '1999-09-02', '', NULL, NULL, NULL, NULL, NULL, NULL, NULL, NULL, NULL, NULL, NULL, NULL, NULL, NULL, NULL, NULL, 1, '6163', '2021-05-04', NULL, '761383450', 14, NULL, NULL, 0, 9, 'Ashviny', 1),
(28, 'Rifaz', '', '', 'Mohamed ', '2004-08-04', '', NULL, NULL, NULL, NULL, NULL, NULL, NULL, NULL, NULL, NULL, NULL, NULL, NULL, NULL, NULL, NULL, 1, '', '2024-03-07', NULL, '', 16, NULL, NULL, 0, 77, 'Rifaz', 1),
(29, 'Dasun ', 'Priyanandana Thilina ', 'Wijesingha', '', '2020-10-01', '', NULL, NULL, NULL, NULL, NULL, NULL, NULL, NULL, NULL, NULL, NULL, NULL, NULL, NULL, NULL, NULL, 5, '6247', NULL, NULL, '', 17, NULL, NULL, 0, 57, 'Dasun', 1),
(30, 'Udari', NULL, NULL, NULL, NULL, NULL, NULL, NULL, NULL, NULL, NULL, NULL, NULL, NULL, NULL, NULL, NULL, NULL, NULL, NULL, NULL, NULL, 1, NULL, NULL, NULL, NULL, 3, NULL, NULL, 0, 163, 'Udari', 1),
(31, 'Dishantha', NULL, NULL, NULL, NULL, NULL, NULL, NULL, NULL, NULL, NULL, NULL, NULL, NULL, NULL, NULL, NULL, NULL, NULL, NULL, NULL, NULL, 1, NULL, NULL, NULL, NULL, 3, NULL, NULL, 0, 174, 'Dishantha', 1),
(32, 'Ruwan', NULL, NULL, NULL, NULL, NULL, NULL, NULL, NULL, NULL, NULL, NULL, NULL, NULL, NULL, NULL, NULL, NULL, NULL, NULL, NULL, NULL, 1, NULL, NULL, NULL, NULL, 3, NULL, NULL, 0, 161, 'Ruwan', 1),
(33, 'Dilki', 'Madushani', NULL, NULL, NULL, NULL, NULL, NULL, NULL, NULL, NULL, NULL, NULL, NULL, NULL, NULL, NULL, NULL, NULL, NULL, NULL, NULL, 1, NULL, NULL, NULL, NULL, 3, NULL, NULL, 0, 168, NULL, 1),
(34, 'Kevin', NULL, NULL, NULL, NULL, NULL, NULL, NULL, NULL, NULL, NULL, NULL, NULL, NULL, NULL, NULL, NULL, NULL, NULL, NULL, NULL, NULL, 1, NULL, NULL, NULL, NULL, 3, NULL, NULL, 0, 36, NULL, 1),
(35, 'Mahasen', NULL, NULL, NULL, NULL, NULL, NULL, NULL, NULL, NULL, NULL, NULL, NULL, NULL, NULL, NULL, NULL, NULL, NULL, NULL, NULL, NULL, 1, NULL, NULL, NULL, NULL, 3, NULL, NULL, 0, 59, 'Mahasen', 1),
(36, 'Maheeka', 'Jayathilaka', NULL, NULL, NULL, NULL, NULL, NULL, NULL, NULL, NULL, NULL, NULL, NULL, NULL, NULL, NULL, NULL, NULL, NULL, NULL, NULL, 1, NULL, NULL, NULL, NULL, 3, NULL, NULL, 0, 167, 'Maheeka', 1),
(37, 'Kaushigan', NULL, NULL, NULL, NULL, NULL, NULL, NULL, NULL, NULL, NULL, NULL, NULL, NULL, NULL, NULL, NULL, NULL, NULL, NULL, NULL, NULL, 3, NULL, NULL, NULL, NULL, 8, NULL, NULL, 0, 21, NULL, 1),
(38, 'Milroy', NULL, NULL, NULL, NULL, NULL, NULL, NULL, NULL, NULL, NULL, NULL, NULL, NULL, NULL, NULL, NULL, NULL, NULL, NULL, NULL, NULL, 1, NULL, NULL, NULL, NULL, 2, NULL, NULL, 0, 20, NULL, 1),
(39, 'qqq', 'qqq', 'qqqq', 'qqq', '2024-10-04', '323232', 'Islam', 'qqq', 'qqq', 323232, 33232, 'yasiruchathu55@gmail.com', 'Married', 'Female', 'No', '', 'No', '', 'yasiruchathu55@gmail.com', 'qqq', 'Wife', '323232', 2, '32', '2024-10-04', 'Contract', '0789936121', 5, 'qqq', 'emt.jpg', 0, 32, NULL, NULL),
(40, 'qqq', '', 'Munasinghe', '', '0000-00-00', '', 'Buddhism', '', 'Not Available', 774144608, 0, '', 'Single', 'Female', '', '', '', '', '', '', '', '', 0, 'Not Available', '0000-00-00', 'Contract', '0', 0, 'qq', 'emt.jpg', 0, 0, NULL, NULL),
(41, 'Yasiru', '122', 'Munasinghe', '', '0000-00-00', '', 'Buddhism', '', 'Not Available', 774144608, 0, '', 'Single', 'Female', '', '', '', '', '', '', '', '', 2, 'Not Available', '0000-00-00', 'Contract', '0', 5, 'ewf', 'emt.jpg', 0, 0, NULL, NULL),
(42, 'aaa', '', '', '', '0000-00-00', '', 'Buddhism', '', 'Not Available', 0, 0, '', 'Single', 'Female', '', '', '', '', '', '', '', '', 1, 'Not Available', '0000-00-00', 'Contract', '0', 14, 'eee', 'emt.jpg', 0, 0, NULL, NULL),
(43, 'yyy', NULL, NULL, NULL, NULL, NULL, NULL, NULL, NULL, NULL, NULL, NULL, NULL, NULL, NULL, NULL, NULL, NULL, NULL, NULL, NULL, NULL, 2, NULL, NULL, NULL, NULL, 11, 'yyy', 'emt.jpg', 0, 444, NULL, NULL),
(44, 'Yasiru', 'Chathumal ', NULL, NULL, '2023-10-10', NULL, NULL, NULL, NULL, NULL, NULL, NULL, NULL, NULL, NULL, NULL, NULL, NULL, NULL, NULL, NULL, NULL, 2, NULL, NULL, NULL, NULL, 13, 'mmm', 'emt.jpg', 0, 23, NULL, NULL),
(45, 'sd', 'dsds', 'sdds', NULL, '2024-10-10', NULL, 'Buddhism', NULL, NULL, NULL, NULL, NULL, 'Single', 'Female', NULL, NULL, NULL, NULL, 'sd@gmail.com', NULL, NULL, NULL, 2, NULL, NULL, 'Contract', NULL, 5, 'ds', 'emt.jpg', 0, 12, NULL, NULL);

-- --------------------------------------------------------

--
-- Table structure for table `company`
--

CREATE TABLE `company` (
  `C_id` int(11) NOT NULL,
  `C_name` varchar(256) NOT NULL,
  `C_EPFNo` varchar(50) NOT NULL
) ENGINE=InnoDB DEFAULT CHARSET=utf8mb4 COLLATE=utf8mb4_general_ci;

--
-- Dumping data for table `company`
--

INSERT INTO `company` (`C_id`, `C_name`, `C_EPFNo`) VALUES
(1, 'Link Engineering (PVT) Ltd', '435d'),
(2, 'Blue Ocean Residencies (Pvt) Ltd', 'dsf45'),
(3, 'Link Aluminium (Pvt) Ltd', '45df'),
(4, 'Blue Ocean Legend (pvt) Ltd', 'no number'),
(5, 'Kelsey Development PLC', 'no number');

-- --------------------------------------------------------

--
-- Table structure for table `department`
--

CREATE TABLE `department` (
  `D_id` int(11) NOT NULL,
  `Department_Name` varchar(256) NOT NULL,
  `company` int(11) NOT NULL
) ENGINE=InnoDB DEFAULT CHARSET=utf8mb4 COLLATE=utf8mb4_general_ci;

--
-- Dumping data for table `department`
--

INSERT INTO `department` (`D_id`, `Department_Name`, `company`) VALUES
(1, 'IT', 1),
(2, 'HR', 1),
(3, 'Marketing', 1),
(4, 'IT', 2),
(5, 'HR', 2),
(6, 'Sales &  Marketing', 1),
(7, 'Legal', 3),
(8, 'Accounting', 3),
(9, 'Information Technology', 4),
(10, 'Head Office (Operations)', 4),
(11, 'Finance & Accounts', 2),
(13, 'Head Office - Operations', 2),
(14, 'Head Office - Operations', 1),
(15, 'Legal', 1),
(16, 'Planing', 1),
(17, 'Head Office - Operations', 5),
(18, 'Sales & Marketing', 2);

-- --------------------------------------------------------

--
-- Table structure for table `edu_qualification`
--

CREATE TABLE `edu_qualification` (
  `edu_QID` int(11) NOT NULL,
  `E_id` int(11) NOT NULL,
  `Qualification` varchar(256) NOT NULL,
  `Major` varchar(256) NOT NULL,
  `Institute` varchar(256) NOT NULL,
  `Year` varchar(50) NOT NULL,
  `Result` varchar(256) NOT NULL
) ENGINE=InnoDB DEFAULT CHARSET=utf8mb4 COLLATE=utf8mb4_general_ci;

-- --------------------------------------------------------

--
-- Table structure for table `employmentshis`
--

CREATE TABLE `employmentshis` (
  `Emphis_id` int(11) NOT NULL,
  `E_id` int(11) NOT NULL,
  `Position` varchar(256) NOT NULL,
  `JobStarted` varchar(50) NOT NULL,
  `JobEnd` varchar(50) NOT NULL,
  `ReasonLeaving` varchar(256) NOT NULL,
  `Company` varchar(256) NOT NULL
) ENGINE=InnoDB DEFAULT CHARSET=utf8mb4 COLLATE=utf8mb4_general_ci;

-- --------------------------------------------------------

--
-- Table structure for table `emp_attendence`
--

CREATE TABLE `emp_attendence` (
  `attendence_id` int(11) NOT NULL,
  `FP_Id` int(11) DEFAULT NULL,
  `FP_Date` date DEFAULT NULL,
  `FP_Start_Time` time DEFAULT NULL,
  `FP_End_Time` time DEFAULT NULL,
  `E_Id` int(11) DEFAULT NULL,
  `checkIn_location` int(11) DEFAULT NULL,
  `checkOut_location` int(11) DEFAULT NULL
) ENGINE=InnoDB DEFAULT CHARSET=utf8mb4 COLLATE=utf8mb4_general_ci;

--
-- Dumping data for table `emp_attendence`
--

INSERT INTO `emp_attendence` (`attendence_id`, `FP_Id`, `FP_Date`, `FP_Start_Time`, `FP_End_Time`, `E_Id`, `checkIn_location`, `checkOut_location`) VALUES
(8536, 1, '2024-08-26', '08:15:00', '17:47:00', 23, 1, 1),
(8537, 1, '2024-08-27', '08:09:00', '17:50:00', 23, 1, 1),
(8538, 1, '2024-08-28', '08:22:00', '18:13:00', 23, 1, 1),
(8539, 1, '2024-09-03', '08:24:00', '17:14:00', 23, 1, 1),
(8540, 1, '2024-09-04', '08:27:00', '18:38:00', 23, 1, 1),
(8541, 1, '2024-09-05', '08:22:00', '17:42:00', 23, 1, 1),
(8542, 1, '2024-09-06', '08:16:00', '17:59:00', 23, 1, 1),
(8543, 1, '2024-09-07', '08:23:00', '13:45:00', 23, 1, 1),
(8544, 1, '2024-09-09', '08:20:00', '17:47:00', 23, 1, 1),
(8545, 1, '2024-09-10', '08:22:00', '17:04:00', 23, 1, 1),
(8546, 1, '2024-09-12', '08:16:00', '17:42:00', 23, 1, 1),
(8547, 1, '2024-09-13', '08:20:00', '18:03:00', 23, 1, 1),
(8548, 1, '2024-09-18', '08:26:00', '17:05:00', 23, 1, 1),
(8549, 1, '2024-09-19', '08:24:00', '17:50:00', 23, 1, 1),
(8550, 1, '2024-09-23', '08:25:00', '17:43:00', 23, 1, 1),
(8551, 1, '2024-09-24', '08:21:00', '17:37:00', 23, 1, 1),
(8552, 1, '2024-09-25', '08:21:00', '17:34:00', 23, 1, 1),
(8553, 2, '2024-08-26', '08:10:00', '17:43:00', 24, 1, 1),
(8554, 2, '2024-08-27', '08:14:00', '17:03:00', 24, 1, 1),
(8555, 2, '2024-08-29', '08:08:00', '18:16:00', 24, 1, 1),
(8556, 2, '2024-08-30', '08:12:00', '18:06:00', 24, 1, 1),
(8557, 2, '2024-09-02', '08:12:00', '17:45:00', 24, 1, 1),
(8558, 2, '2024-09-03', '08:19:00', '17:46:00', 24, 1, 1),
(8559, 2, '2024-09-04', '08:15:00', '17:46:00', 24, 1, 1),
(8560, 2, '2024-09-05', '08:14:00', '17:38:00', 24, 1, 1),
(8561, 2, '2024-09-06', '08:15:00', '17:38:00', 24, 1, 1),
(8562, 2, '2024-09-07', '08:09:00', '13:34:00', 24, 1, 1),
(8563, 2, '2024-09-09', '08:13:00', '17:41:00', 24, 1, 1),
(8564, 2, '2024-09-10', '08:12:00', '17:27:00', 24, 1, 1),
(8565, 2, '2024-09-11', '08:13:00', '17:33:00', 24, 1, 1),
(8566, 2, '2024-09-13', '08:14:00', '17:49:00', 24, 1, 1),
(8567, 2, '2024-09-14', '08:14:00', '13:30:00', 24, 1, 1),
(8568, 2, '2024-09-18', '08:12:00', '17:39:00', 24, 1, 1),
(8569, 2, '2024-09-19', '08:15:00', '17:34:00', 24, 1, 1),
(8570, 2, '2024-09-20', '08:12:00', '17:20:00', 24, 1, 1),
(8571, 2, '2024-09-23', '08:12:00', '17:30:00', 24, 1, 1),
(8572, 2, '2024-09-24', '08:25:00', '17:39:00', 24, 1, 1),
(8573, 2, '2024-09-25', '08:16:00', '17:38:00', 24, 1, 1),
(8574, 163, '2024-08-26', '08:13:00', '17:36:00', 30, 1, 1),
(8575, 163, '2024-08-27', '08:24:00', '16:15:00', 30, 1, 1),
(8576, 159, '2024-08-26', '08:13:00', '17:37:00', 15, 1, 1),
(8577, 159, '2024-08-27', '08:24:00', '17:24:00', 15, 1, 1),
(8578, 159, '2024-08-28', '08:19:00', '17:44:00', 15, 1, 1),
(8579, 159, '2024-08-29', '08:20:00', '17:32:00', 15, 1, 1),
(8580, 159, '2024-08-30', '08:26:00', '17:34:00', 15, 1, 1),
(8581, 159, '2024-09-01', '08:14:00', '13:45:00', 15, 1, 1),
(8582, 159, '2024-09-02', '08:14:00', '17:39:00', 15, 1, 1),
(8583, 159, '2024-09-03', '08:33:00', '17:39:00', 15, 1, 1),
(8584, 159, '2024-09-04', '08:30:00', '17:40:00', 15, 1, 1),
(8585, 159, '2024-09-05', '08:27:00', '17:38:00', 15, 1, 1),
(8586, 159, '2024-09-06', '08:20:00', '17:30:00', 15, 1, 1),
(8587, 159, '2024-09-07', '08:16:00', '13:55:00', 15, 1, 1),
(8588, 159, '2024-09-09', '08:26:00', '17:38:00', 15, 1, 1),
(8589, 159, '2024-09-10', '08:18:00', '17:36:00', 15, 1, 1),
(8590, 159, '2024-09-11', '08:24:00', '17:26:00', 15, 1, 1),
(8591, 159, '2024-09-12', '08:17:00', '16:52:00', 15, 1, 1),
(8592, 159, '2024-09-13', '08:19:00', '14:46:00', 15, 1, 1),
(8593, 159, '2024-09-23', '08:09:00', '17:26:00', 15, 1, 1),
(8594, 159, '2024-09-24', '08:23:00', '17:32:00', 15, 1, 1),
(8595, 159, '2024-09-25', '08:14:00', '17:54:00', 15, 1, 1),
(8596, 158, '2024-08-26', '08:13:00', '17:36:00', 16, 1, 1),
(8597, 158, '2024-08-27', '08:24:00', '17:23:00', 16, 1, 1),
(8598, 158, '2024-08-28', '08:19:00', '17:44:00', 16, 1, 1),
(8599, 158, '2024-08-29', '08:20:00', '17:32:00', 16, 1, 1),
(8600, 158, '2024-08-30', '08:26:00', '17:06:00', 16, 1, 1),
(8601, 158, '2024-09-01', '08:14:00', '13:45:00', 16, 1, 1),
(8602, 158, '2024-09-02', '08:14:00', '17:39:00', 16, 1, 1),
(8603, 158, '2024-09-03', '08:33:00', '17:39:00', 16, 1, 1),
(8604, 158, '2024-09-04', '08:30:00', '17:38:00', 16, 1, 1),
(8605, 158, '2024-09-05', '08:27:00', '17:38:00', 16, 1, 1),
(8606, 158, '2024-09-06', '08:20:00', '17:23:00', 16, 1, 1),
(8607, 158, '2024-09-07', '08:16:00', '13:55:00', 16, 1, 1),
(8608, 158, '2024-09-09', '08:26:00', '17:38:00', 16, 1, 1),
(8609, 158, '2024-09-10', '08:18:00', '17:36:00', 16, 1, 1),
(8610, 158, '2024-09-11', '08:23:00', '17:25:00', 16, 1, 1),
(8611, 158, '2024-09-12', '08:17:00', '16:52:00', 16, 1, 1),
(8612, 158, '2024-09-14', '08:05:00', '14:03:00', 16, 1, 1),
(8613, 158, '2024-09-23', '08:32:00', '17:26:00', 16, 1, 1),
(8614, 158, '2024-09-24', '08:22:00', '17:32:00', 16, 1, 1),
(8615, 158, '2024-09-25', '08:14:00', '17:54:00', 16, 1, 1),
(8616, 174, '2024-08-26', '08:14:00', '18:48:00', 31, 1, 1),
(8617, 174, '2024-08-28', '07:54:00', '17:35:00', 31, 1, 1),
(8618, 174, '2024-08-31', '07:54:00', '18:53:00', 31, 1, 1),
(8619, 174, '2024-09-02', '08:05:00', '18:14:00', 31, 1, 1),
(8620, 174, '2024-09-03', '08:31:00', '19:30:00', 31, 1, 1),
(8621, 174, '2024-09-04', '07:32:00', '17:37:00', 31, 1, 1),
(8622, 174, '2024-09-05', '08:16:00', '19:30:00', 31, 1, 1),
(8623, 174, '2024-09-06', '08:01:00', '18:20:00', 31, 1, 1),
(8624, 174, '2024-09-07', '07:46:00', '19:09:00', 31, 1, 1),
(8625, 174, '2024-09-08', '08:39:00', '13:38:00', 31, 1, 1),
(8626, 174, '2024-09-11', '08:07:00', '18:31:00', 31, 1, 1),
(8627, 174, '2024-09-12', '08:03:00', '19:02:00', 31, 1, 1),
(8628, 174, '2024-09-13', '08:28:00', '19:41:00', 31, 1, 1),
(8629, 174, '2024-09-14', '07:32:00', '17:04:00', 31, 1, 1),
(8630, 174, '2024-09-23', '07:31:00', '17:46:00', 31, 1, 1),
(8631, 174, '2024-09-24', '08:06:00', '18:10:00', 31, 1, 1),
(8632, 174, '2024-09-25', '07:59:00', '18:51:00', 31, 1, 1),
(8633, 160, '2024-09-04', '08:13:00', '18:02:00', 13, 1, 1),
(8634, 160, '2024-09-05', '08:04:00', '17:32:00', 13, 1, 1),
(8635, 160, '2024-09-06', '08:10:00', '17:24:00', 13, 1, 1),
(8636, 160, '2024-09-07', '08:14:00', '13:58:00', 13, 1, 1),
(8637, 160, '2024-09-09', '08:14:00', '17:40:00', 13, 1, 1),
(8638, 160, '2024-09-10', '08:21:00', '17:40:00', 13, 1, 1),
(8639, 160, '2024-09-11', '08:17:00', '18:12:00', 13, 1, 1),
(8640, 160, '2024-09-12', '08:20:00', '17:44:00', 13, 1, 1),
(8641, 160, '2024-09-13', '08:23:00', '17:36:00', 13, 1, 1),
(8642, 160, '2024-09-14', '08:27:00', '15:31:00', 13, 1, 1),
(8643, 160, '2024-09-18', '08:27:00', '17:36:00', 13, 1, 1),
(8644, 160, '2024-09-19', '08:23:00', '17:54:00', 13, 1, 1),
(8645, 160, '2024-09-20', '08:28:00', '17:36:00', 13, 1, 1),
(8646, 160, '2024-09-23', '08:22:00', '17:16:00', 13, 1, 1),
(8647, 160, '2024-09-24', '08:34:00', '17:46:00', 13, 1, 1),
(8648, 160, '2024-09-25', '08:41:00', '18:06:00', 13, 1, 1),
(8649, 164, '2024-09-04', '08:27:00', '17:55:00', 17, 1, 1),
(8650, 164, '2024-09-05', '08:29:00', '17:22:00', 17, 1, 1),
(8651, 164, '2024-09-06', '08:37:00', '17:24:00', 17, 1, 1),
(8652, 164, '2024-09-07', '08:14:00', '14:41:00', 17, 1, 1),
(8653, 164, '2024-09-09', '08:45:00', '17:32:00', 17, 1, 1),
(8654, 164, '2024-09-10', '08:18:00', '17:27:00', 17, 1, 1),
(8655, 164, '2024-09-11', '08:39:00', '17:16:00', 17, 1, 1),
(8656, 164, '2024-09-12', '08:50:00', '17:39:00', 17, 1, 1),
(8657, 164, '2024-09-13', '08:33:00', '17:34:00', 17, 1, 1),
(8658, 164, '2024-09-14', '08:19:00', '16:41:00', 17, 1, 1),
(8659, 164, '2024-09-15', '08:15:00', '17:08:00', 17, 1, 1),
(8660, 164, '2024-09-18', '08:38:00', '17:37:00', 17, 1, 1),
(8661, 164, '2024-09-20', '07:43:00', '17:36:00', 17, 1, 1),
(8662, 164, '2024-09-23', '08:03:00', '17:16:00', 17, 1, 1),
(8663, 164, '2024-09-24', '08:19:00', '17:33:00', 17, 1, 1),
(8664, 164, '2024-09-25', '08:26:00', '18:07:00', 17, 1, 1),
(8665, 9, '2024-08-26', '08:33:00', '19:40:00', 27, 1, 1),
(8666, 9, '2024-08-27', '08:46:00', '18:00:00', 27, 1, 1),
(8667, 9, '2024-08-28', '08:27:00', '18:18:00', 27, 1, 1),
(8668, 9, '2024-09-03', '08:53:00', '17:22:00', 27, 1, 1),
(8669, 9, '2024-09-04', '08:57:00', '18:11:00', 27, 1, 1),
(8670, 9, '2024-09-05', '08:59:00', '18:46:00', 27, 1, 1),
(8671, 9, '2024-09-06', '08:27:00', '17:29:00', 27, 1, 1),
(8672, 9, '2024-09-10', '08:42:00', '17:25:00', 27, 1, 1),
(8673, 9, '2024-09-11', '08:28:00', '17:33:00', 27, 1, 1),
(8674, 9, '2024-09-12', '10:00:00', '17:19:00', 27, 1, 1),
(8675, 9, '2024-09-13', '08:43:00', '17:51:00', 27, 1, 1),
(8676, 9, '2024-09-18', '08:38:00', '18:27:00', 27, 1, 1),
(8677, 9, '2024-09-19', '08:51:00', '17:49:00', 27, 1, 1),
(8678, 9, '2024-09-20', '08:15:00', '17:10:00', 27, 1, 1),
(8679, 9, '2024-09-23', '09:14:00', '17:07:00', 27, 1, 1),
(8680, 9, '2024-09-24', '08:34:00', '17:58:00', 27, 1, 1),
(8681, 9, '2024-09-25', '08:29:00', '17:08:00', 27, 1, 1),
(8682, 167, '2024-09-04', '07:52:00', '18:02:00', 36, 1, 1),
(8683, 167, '2024-09-05', '07:42:00', '17:20:00', 36, 1, 1),
(8684, 167, '2024-09-06', '07:38:00', '17:23:00', 36, 1, 1),
(8685, 167, '2024-09-07', '07:37:00', '13:58:00', 36, 1, 1),
(8686, 167, '2024-09-09', '07:38:00', '17:11:00', 36, 1, 1),
(8687, 167, '2024-09-10', '07:44:00', '17:22:00', 36, 1, 1),
(8688, 167, '2024-09-11', '07:37:00', '17:16:00', 36, 1, 1),
(8689, 167, '2024-09-14', '07:54:00', '13:24:00', 36, 1, 1),
(8690, 167, '2024-09-18', '07:57:00', '17:27:00', 36, 1, 1),
(8691, 167, '2024-09-19', '07:55:00', '17:23:00', 36, 1, 1),
(8692, 167, '2024-09-20', '07:31:00', '12:58:00', 36, 1, 1),
(8693, 167, '2024-09-23', '07:28:00', '17:17:00', 36, 1, 1),
(8694, 167, '2024-09-24', '07:59:00', '17:20:00', 36, 1, 1),
(8695, 167, '2024-09-25', '07:54:00', '17:12:00', 36, 1, 1),
(8696, 165, '2024-09-04', '08:10:00', '16:57:00', 14, 1, 1),
(8697, 165, '2024-09-05', '08:21:00', '17:28:00', 14, 1, 1),
(8698, 165, '2024-09-07', '08:21:00', '13:16:00', 14, 1, 1),
(8699, 165, '2024-09-09', '08:12:00', '17:28:00', 14, 1, 1),
(8700, 165, '2024-09-10', '08:14:00', '17:01:00', 14, 1, 1),
(8701, 165, '2024-09-13', '08:27:00', '17:29:00', 14, 1, 1),
(8702, 165, '2024-09-14', '08:16:00', '13:40:00', 14, 1, 1),
(8703, 165, '2024-09-18', '08:36:00', '16:40:00', 14, 1, 1),
(8704, 165, '2024-09-23', '08:34:00', '16:57:00', 14, 1, 1),
(8705, 165, '2024-09-25', '08:34:00', '18:40:00', 14, 1, 1),
(8706, 161, '2024-09-12', '08:00:00', '17:39:00', 32, 1, 1),
(8707, 161, '2024-09-13', '07:54:00', '17:33:00', 32, 1, 1),
(8708, 161, '2024-09-14', '08:02:00', '16:42:00', 32, 1, 1),
(8709, 161, '2024-09-17', '07:51:00', '17:06:00', 32, 1, 1),
(8710, 161, '2024-09-18', '08:13:00', '17:32:00', 32, 1, 1),
(8711, 161, '2024-09-19', '08:13:00', '17:53:00', 32, 1, 1),
(8712, 161, '2024-09-20', '07:58:00', '17:30:00', 32, 1, 1),
(8713, 161, '2024-09-23', '07:57:00', '17:17:00', 32, 1, 1),
(8714, 161, '2024-09-25', '08:15:00', '18:29:00', 32, 1, 1),
(8715, 168, '2024-09-12', '08:17:00', '17:39:00', 33, 1, 1),
(8716, 168, '2024-09-13', '08:22:00', '17:34:00', 33, 1, 1),
(8717, 168, '2024-09-14', '08:09:00', '16:52:00', 33, 1, 1),
(8718, 168, '2024-09-15', '08:04:00', '13:27:00', 33, 1, 1),
(8719, 168, '2024-09-18', '08:12:00', '17:30:00', 33, 1, 1),
(8720, 168, '2024-09-19', '08:13:00', '17:53:00', 33, 1, 1),
(8721, 168, '2024-09-20', '08:35:00', '17:19:00', 33, 1, 1),
(8722, 168, '2024-09-23', '08:16:00', '17:14:00', 33, 1, 1),
(8723, 168, '2024-09-24', '08:14:00', '17:25:00', 33, 1, 1),
(8724, 168, '2024-09-25', '08:15:00', '17:57:00', 33, 1, 1),
(8725, 10, '2024-08-26', '08:21:00', '17:33:00', 25, 1, 1),
(8726, 10, '2024-08-27', '08:08:00', '17:51:00', 25, 1, 1),
(8727, 10, '2024-08-28', '08:11:00', '17:26:00', 25, 1, 1),
(8728, 10, '2024-08-30', '08:18:00', '17:34:00', 25, 1, 1),
(8729, 10, '2024-08-31', '08:37:00', '13:56:00', 25, 1, 1),
(8730, 10, '2024-09-02', '08:55:00', '17:44:00', 25, 1, 1),
(8731, 10, '2024-09-03', '08:20:00', '17:32:00', 25, 1, 1),
(8732, 10, '2024-09-04', '08:24:00', '17:47:00', 25, 1, 1),
(8733, 10, '2024-09-05', '10:13:00', '18:18:00', 25, 1, 1),
(8734, 10, '2024-09-06', '08:18:00', '18:27:00', 25, 1, 1),
(8735, 10, '2024-09-07', '08:39:00', '13:53:00', 25, 1, 1),
(8736, 10, '2024-09-09', '08:37:00', '17:25:00', 25, 1, 1),
(8737, 10, '2024-09-10', '08:04:00', '17:29:00', 25, 1, 1),
(8738, 10, '2024-09-11', '08:49:00', '17:32:00', 25, 1, 1),
(8739, 10, '2024-09-12', '08:05:00', '17:36:00', 25, 1, 1),
(8740, 10, '2024-09-13', '08:03:00', '17:29:00', 25, 1, 1),
(8741, 10, '2024-09-14', '08:30:00', '15:05:00', 25, 1, 1),
(8742, 10, '2024-09-18', '08:07:00', '17:35:00', 25, 1, 1),
(8743, 10, '2024-09-19', '08:18:00', '17:48:00', 25, 1, 1),
(8744, 10, '2024-09-20', '08:06:00', '17:29:00', 25, 1, 1),
(8745, 10, '2024-09-23', '08:41:00', '17:17:00', 25, 1, 1),
(8746, 10, '2024-09-24', '08:09:00', '18:18:00', 25, 1, 1),
(8747, 10, '2024-09-25', '08:11:00', '17:48:00', 25, 1, 1),
(8748, 36, '2024-08-27', '08:07:00', '19:31:00', 34, 1, 1),
(8749, 36, '2024-08-28', '09:18:00', '18:50:00', 34, 1, 1),
(8750, 36, '2024-08-29', '07:57:00', '20:01:00', 34, 1, 1),
(8751, 36, '2024-08-31', '08:56:00', '14:42:00', 34, 1, 1),
(8752, 36, '2024-09-03', '09:33:00', '19:01:00', 34, 1, 1),
(8753, 36, '2024-09-04', '08:54:00', '19:06:00', 34, 1, 1),
(8754, 36, '2024-09-06', '09:07:00', '18:29:00', 34, 1, 1),
(8755, 36, '2024-09-13', '09:11:00', '20:10:00', 34, 1, 1),
(8756, 36, '2024-09-14', '08:37:00', '15:59:00', 34, 1, 1),
(8757, 36, '2024-09-15', '09:28:00', '17:12:00', 34, 1, 1),
(8758, 36, '2024-09-16', '09:23:00', '17:11:00', 34, 1, 1),
(8759, 36, '2024-09-17', '09:43:00', '17:26:00', 34, 1, 1),
(8760, 36, '2024-09-19', '08:10:00', '19:08:00', 34, 1, 1),
(8761, 36, '2024-09-21', '10:34:00', '15:10:00', 34, 1, 1),
(8762, 36, '2024-09-23', '09:48:00', '18:37:00', 34, 1, 1),
(8763, 36, '2024-09-24', '10:36:00', '18:57:00', 34, 1, 1),
(8764, 36, '2024-09-25', '09:19:00', '18:45:00', 34, 1, 1),
(8765, 57, '2024-08-26', '09:03:00', '16:44:00', 29, 1, 1),
(8766, 57, '2024-08-27', '08:27:00', '17:21:00', 29, 1, 1),
(8767, 57, '2024-08-28', '07:21:00', '18:36:00', 29, 1, 1),
(8768, 57, '2024-08-29', '08:43:00', '17:27:00', 29, 1, 1),
(8769, 57, '2024-08-31', '09:29:00', '13:35:00', 29, 1, 1),
(8770, 57, '2024-09-02', '08:04:00', '16:59:00', 29, 1, 1),
(8771, 57, '2024-09-04', '08:23:00', '17:08:00', 29, 1, 1),
(8772, 57, '2024-09-06', '07:51:00', '17:01:00', 29, 1, 1),
(8773, 57, '2024-09-09', '07:31:00', '17:29:00', 29, 1, 1),
(8774, 57, '2024-09-11', '09:06:00', '16:52:00', 29, 1, 1),
(8775, 57, '2024-09-12', '07:46:00', '17:19:00', 29, 1, 1),
(8776, 57, '2024-09-14', '09:20:00', '13:09:00', 29, 1, 1),
(8777, 57, '2024-09-18', '08:01:00', '16:51:00', 29, 1, 1),
(8778, 57, '2024-09-25', '07:57:00', '17:01:00', 29, 1, 1),
(8779, 59, '2024-08-28', '08:40:00', '19:12:00', 35, 1, 1),
(8780, 59, '2024-08-29', '08:48:00', '18:18:00', 35, 1, 1),
(8781, 59, '2024-08-30', '08:45:00', '18:15:00', 35, 1, 1),
(8782, 59, '2024-08-31', '08:39:00', '19:42:00', 35, 1, 1),
(8783, 59, '2024-09-02', '08:11:00', '20:02:00', 35, 1, 1),
(8784, 59, '2024-09-03', '09:01:00', '18:17:00', 35, 1, 1),
(8785, 59, '2024-09-05', '08:36:00', '19:14:00', 35, 1, 1),
(8786, 59, '2024-09-07', '08:34:00', '16:42:00', 35, 1, 1),
(8787, 59, '2024-09-09', '08:35:00', '17:55:00', 35, 1, 1),
(8788, 59, '2024-09-12', '08:41:00', '19:14:00', 35, 1, 1),
(8789, 59, '2024-09-13', '08:40:00', '19:39:00', 35, 1, 1),
(8790, 59, '2024-09-18', '08:55:00', '19:45:00', 35, 1, 1),
(8791, 59, '2024-09-19', '08:51:00', '18:53:00', 35, 1, 1),
(8792, 59, '2024-09-20', '08:17:00', '19:07:00', 35, 1, 1),
(8793, 59, '2024-09-23', '08:35:00', '18:40:00', 35, 1, 1),
(8794, 59, '2024-09-24', '09:06:00', '18:57:00', 35, 1, 1),
(8795, 59, '2024-09-25', '08:59:00', '18:41:00', 35, 1, 1),
(8796, 5, '2024-08-27', '08:49:00', '18:08:00', 8, 1, 1),
(8797, 5, '2024-08-28', '08:42:00', '18:29:00', 8, 1, 1),
(8798, 5, '2024-09-02', '08:14:00', '17:44:00', 8, 1, 1),
(8799, 5, '2024-09-03', '08:23:00', '17:14:00', 8, 1, 1),
(8800, 5, '2024-09-04', '08:27:00', '17:20:00', 8, 1, 1),
(8801, 5, '2024-09-05', '08:01:00', '17:25:00', 8, 1, 1),
(8802, 5, '2024-09-06', '08:26:00', '18:24:00', 8, 1, 1),
(8803, 5, '2024-09-07', '08:16:00', '13:34:00', 8, 1, 1),
(8804, 5, '2024-09-09', '08:21:00', '18:13:00', 8, 1, 1),
(8805, 5, '2024-09-10', '08:22:00', '17:51:00', 8, 1, 1),
(8806, 5, '2024-09-11', '08:30:00', '17:20:00', 8, 1, 1),
(8807, 5, '2024-09-12', '08:37:00', '19:12:00', 8, 1, 1),
(8808, 5, '2024-09-13', '08:54:00', '18:25:00', 8, 1, 1),
(8809, 5, '2024-09-14', '08:25:00', '15:28:00', 8, 1, 1),
(8810, 5, '2024-09-18', '08:15:00', '18:18:00', 8, 1, 1),
(8811, 5, '2024-09-19', '08:10:00', '18:58:00', 8, 1, 1),
(8812, 5, '2024-09-20', '08:13:00', '17:39:00', 8, 1, 1),
(8813, 5, '2024-09-23', '09:33:00', '17:52:00', 8, 1, 1),
(8814, 5, '2024-09-24', '08:41:00', '17:31:00', 8, 1, 1),
(8815, 5, '2024-09-25', '08:18:00', '17:31:00', 8, 1, 1),
(8816, 69, '2024-08-26', '07:22:00', '17:31:00', 19, 1, 1),
(8817, 69, '2024-08-27', '08:00:00', '17:27:00', 19, 1, 1),
(8818, 69, '2024-08-28', '08:02:00', '17:23:00', 19, 1, 1),
(8819, 69, '2024-08-29', '08:19:00', '17:23:00', 19, 1, 1),
(8820, 69, '2024-08-30', '07:48:00', '17:29:00', 19, 1, 1),
(8821, 69, '2024-08-31', '08:00:00', '13:53:00', 19, 1, 1),
(8822, 69, '2024-09-06', '07:54:00', '17:48:00', 19, 1, 1),
(8823, 69, '2024-09-07', '07:47:00', '13:17:00', 19, 1, 1),
(8824, 69, '2024-09-09', '08:02:00', '17:26:00', 19, 1, 1),
(8825, 69, '2024-09-10', '08:04:00', '17:22:00', 19, 1, 1),
(8826, 69, '2024-09-11', '08:01:00', '17:08:00', 19, 1, 1),
(8827, 69, '2024-09-12', '08:03:00', '17:22:00', 19, 1, 1),
(8828, 69, '2024-09-13', '08:04:00', '17:27:00', 19, 1, 1),
(8829, 69, '2024-09-14', '07:11:00', '14:05:00', 19, 1, 1),
(8830, 69, '2024-09-23', '08:04:00', '17:17:00', 19, 1, 1),
(8831, 69, '2024-09-24', '08:02:00', '17:22:00', 19, 1, 1),
(8832, 69, '2024-09-25', '08:11:00', '17:23:00', 19, 1, 1),
(8833, 70, '2024-08-26', '08:08:00', '17:31:00', 18, 1, 1),
(8834, 70, '2024-08-27', '07:40:00', '17:21:00', 18, 1, 1),
(8835, 70, '2024-08-28', '07:54:00', '17:14:00', 18, 1, 1),
(8836, 70, '2024-08-29', '08:03:00', '17:23:00', 18, 1, 1),
(8837, 70, '2024-08-30', '08:08:00', '17:22:00', 18, 1, 1),
(8838, 70, '2024-08-31', '08:26:00', '13:53:00', 18, 1, 1),
(8839, 70, '2024-09-02', '08:04:00', '17:31:00', 18, 1, 1),
(8840, 70, '2024-09-03', '08:20:00', '17:27:00', 18, 1, 1),
(8841, 70, '2024-09-04', '08:20:00', '17:24:00', 18, 1, 1),
(8842, 70, '2024-09-05', '08:13:00', '18:16:00', 18, 1, 1),
(8843, 70, '2024-09-06', '08:07:00', '17:51:00', 18, 1, 1),
(8844, 70, '2024-09-07', '08:04:00', '13:23:00', 18, 1, 1),
(8845, 70, '2024-09-09', '08:04:00', '17:27:00', 18, 1, 1),
(8846, 70, '2024-09-10', '08:02:00', '17:21:00', 18, 1, 1),
(8847, 70, '2024-09-11', '08:11:00', '17:16:00', 18, 1, 1),
(8848, 70, '2024-09-12', '08:05:00', '17:23:00', 18, 1, 1),
(8849, 70, '2024-09-13', '08:05:00', '17:27:00', 18, 1, 1),
(8850, 70, '2024-09-14', '08:05:00', '14:05:00', 18, 1, 1),
(8851, 70, '2024-09-24', '08:11:00', '17:24:00', 18, 1, 1),
(8852, 70, '2024-09-25', '07:58:00', '17:06:00', 18, 1, 1),
(8853, 71, '2024-08-26', '08:33:00', '18:40:00', 22, 1, 1),
(8854, 71, '2024-08-27', '08:38:00', '18:04:00', 22, 1, 1),
(8855, 71, '2024-08-28', '08:25:00', '18:12:00', 22, 1, 1),
(8856, 71, '2024-08-29', '08:37:00', '18:03:00', 22, 1, 1),
(8857, 71, '2024-08-30', '08:44:00', '18:44:00', 22, 1, 1),
(8858, 71, '2024-08-31', '08:46:00', '14:44:00', 22, 1, 1),
(8859, 71, '2024-09-02', '08:35:00', '18:32:00', 22, 1, 1),
(8860, 71, '2024-09-03', '08:58:00', '18:11:00', 22, 1, 1),
(8861, 71, '2024-09-04', '08:14:00', '18:35:00', 22, 1, 1),
(8862, 71, '2024-09-05', '08:13:00', '17:17:00', 22, 1, 1),
(8863, 71, '2024-09-06', '08:31:00', '18:59:00', 22, 1, 1),
(8864, 71, '2024-09-07', '08:35:00', '14:44:00', 22, 1, 1),
(8865, 71, '2024-09-09', '08:53:00', '18:52:00', 22, 1, 1),
(8866, 71, '2024-09-10', '08:40:00', '18:12:00', 22, 1, 1),
(8867, 71, '2024-09-11', '08:46:00', '18:05:00', 22, 1, 1),
(8868, 71, '2024-09-12', '08:42:00', '17:43:00', 22, 1, 1),
(8869, 71, '2024-09-13', '08:55:00', '19:36:00', 22, 1, 1),
(8870, 71, '2024-09-14', '08:36:00', '14:38:00', 22, 1, 1),
(8871, 71, '2024-09-18', '08:42:00', '17:59:00', 22, 1, 1),
(8872, 71, '2024-09-19', '08:31:00', '17:59:00', 22, 1, 1),
(8873, 71, '2024-09-20', '08:36:00', '17:31:00', 22, 1, 1),
(8874, 71, '2024-09-23', '08:47:00', '17:40:00', 22, 1, 1),
(8875, 71, '2024-09-24', '08:45:00', '18:16:00', 22, 1, 1),
(8876, 71, '2024-09-25', '08:52:00', '18:00:00', 22, 1, 1),
(8877, 77, '2024-08-26', '08:16:00', '17:19:00', 28, 1, 1),
(8878, 77, '2024-08-27', '08:25:00', '17:24:00', 28, 1, 1),
(8879, 77, '2024-08-28', '08:22:00', '17:10:00', 28, 1, 1),
(8880, 77, '2024-08-29', '08:28:00', '17:17:00', 28, 1, 1),
(8881, 77, '2024-08-30', '08:26:00', '17:05:00', 28, 1, 1),
(8882, 77, '2024-09-02', '08:33:00', '17:07:00', 28, 1, 1),
(8883, 77, '2024-09-03', '08:28:00', '17:06:00', 28, 1, 1),
(8884, 77, '2024-09-05', '08:34:00', '17:17:00', 28, 1, 1),
(8885, 77, '2024-09-06', '08:17:00', '17:20:00', 28, 1, 1),
(8886, 77, '2024-09-07', '08:36:00', '13:31:00', 28, 1, 1),
(8887, 77, '2024-09-09', '08:24:00', '17:13:00', 28, 1, 1),
(8888, 77, '2024-09-10', '08:33:00', '17:17:00', 28, 1, 1),
(8889, 80, '2024-08-26', '07:59:00', '17:59:00', 11, 1, 1),
(8890, 80, '2024-08-27', '08:10:00', '18:02:00', 11, 1, 1),
(8891, 80, '2024-08-28', '07:53:00', '18:48:00', 11, 1, 1),
(8892, 80, '2024-08-29', '07:56:00', '18:24:00', 11, 1, 1),
(8893, 80, '2024-08-30', '08:05:00', '18:25:00', 11, 1, 1),
(8894, 80, '2024-08-31', '07:54:00', '18:23:00', 11, 1, 1),
(8895, 80, '2024-09-01', '08:10:00', '19:55:00', 11, 1, 1),
(8896, 80, '2024-09-02', '08:09:00', '18:46:00', 11, 1, 1),
(8897, 80, '2024-09-03', '08:24:00', '18:56:00', 11, 1, 1),
(8898, 80, '2024-09-04', '07:56:00', '18:48:00', 11, 1, 1),
(8899, 80, '2024-09-05', '08:22:00', '17:24:00', 11, 1, 1),
(8900, 80, '2024-09-06', '08:22:00', '17:42:00', 11, 1, 1),
(8901, 80, '2024-09-07', '07:40:00', '17:23:00', 11, 1, 1),
(8902, 80, '2024-09-15', '07:59:00', '17:18:00', 11, 1, 1),
(8903, 80, '2024-09-16', '07:53:00', '17:15:00', 11, 1, 1),
(8904, 80, '2024-09-17', '07:55:00', '17:25:00', 11, 1, 1),
(8905, 80, '2024-09-18', '08:23:00', '17:36:00', 11, 1, 1),
(8906, 80, '2024-09-19', '08:05:00', '19:07:00', 11, 1, 1),
(8907, 80, '2024-09-24', '07:49:00', '18:03:00', 11, 1, 1),
(8908, 6, '2024-08-26', '07:59:00', '17:59:00', 12, 1, 1),
(8909, 6, '2024-08-27', '08:10:00', '18:01:00', 12, 1, 1),
(8910, 6, '2024-08-28', '07:53:00', '18:48:00', 12, 1, 1),
(8911, 6, '2024-08-29', '07:55:00', '18:24:00', 12, 1, 1),
(8912, 6, '2024-08-30', '08:05:00', '18:26:00', 12, 1, 1),
(8913, 6, '2024-08-31', '07:54:00', '18:24:00', 12, 1, 1),
(8914, 6, '2024-09-01', '08:10:00', '19:55:00', 12, 1, 1),
(8915, 6, '2024-09-02', '08:09:00', '18:46:00', 12, 1, 1),
(8916, 6, '2024-09-03', '08:24:00', '18:59:00', 12, 1, 1),
(8917, 6, '2024-09-04', '07:56:00', '18:48:00', 12, 1, 1),
(8918, 6, '2024-09-05', '08:22:00', '17:23:00', 12, 1, 1),
(8919, 6, '2024-09-06', '08:22:00', '17:42:00', 12, 1, 1),
(8920, 6, '2024-09-08', '07:54:00', '14:10:00', 12, 1, 1),
(8921, 6, '2024-09-10', '07:48:00', '18:18:00', 12, 1, 1),
(8922, 6, '2024-09-11', '07:55:00', '17:37:00', 12, 1, 1),
(8923, 6, '2024-09-14', '08:00:00', '16:51:00', 12, 1, 1),
(8924, 6, '2024-09-15', '07:59:00', '17:13:00', 12, 1, 1),
(8925, 6, '2024-09-16', '07:53:00', '17:12:00', 12, 1, 1),
(8926, 6, '2024-09-17', '07:55:00', '17:26:00', 12, 1, 1),
(8927, 6, '2024-09-18', '07:58:00', '17:36:00', 12, 1, 1),
(8928, 6, '2024-09-19', '08:05:00', '19:07:00', 12, 1, 1),
(8929, 6, '2024-09-24', '07:48:00', '18:03:00', 12, 1, 1),
(8930, 6, '2024-09-25', '07:50:00', '18:33:00', 12, 1, 1),
(8931, 82, '2024-08-26', '08:13:00', '17:31:00', 21, 1, 1),
(8932, 82, '2024-08-27', '08:00:00', '17:28:00', 21, 1, 1),
(8933, 82, '2024-08-28', '08:18:00', '17:26:00', 21, 1, 1),
(8934, 82, '2024-08-29', '08:03:00', '17:27:00', 21, 1, 1),
(8935, 82, '2024-08-30', '08:16:00', '17:27:00', 21, 1, 1),
(8936, 82, '2024-08-31', '08:08:00', '13:54:00', 21, 1, 1),
(8937, 82, '2024-09-03', '08:32:00', '17:26:00', 21, 1, 1),
(8938, 82, '2024-09-04', '08:18:00', '17:22:00', 21, 1, 1),
(8939, 82, '2024-09-05', '08:09:00', '17:54:00', 21, 1, 1),
(8940, 82, '2024-09-06', '08:19:00', '17:28:00', 21, 1, 1),
(8941, 82, '2024-09-07', '07:57:00', '13:23:00', 21, 1, 1),
(8942, 82, '2024-09-09', '08:10:00', '17:26:00', 21, 1, 1),
(8943, 82, '2024-09-10', '08:15:00', '17:18:00', 21, 1, 1),
(8944, 82, '2024-09-11', '08:13:00', '17:16:00', 21, 1, 1),
(8945, 82, '2024-09-12', '08:04:00', '17:28:00', 21, 1, 1),
(8946, 82, '2024-09-13', '08:22:00', '17:27:00', 21, 1, 1),
(8947, 82, '2024-09-14', '08:04:00', '14:05:00', 21, 1, 1),
(8948, 82, '2024-09-18', '08:10:00', '17:28:00', 21, 1, 1),
(8949, 82, '2024-09-19', '08:07:00', '17:52:00', 21, 1, 1),
(8950, 82, '2024-09-20', '08:07:00', '17:26:00', 21, 1, 1),
(8951, 82, '2024-09-23', '08:09:00', '17:15:00', 21, 1, 1),
(8952, 82, '2024-09-24', '08:10:00', '17:24:00', 21, 1, 1),
(8953, 82, '2024-09-25', '08:08:00', '17:38:00', 21, 1, 1),
(8954, 90, '2024-08-26', '07:30:00', '18:22:00', 4, 1, 1),
(8955, 90, '2024-08-27', '07:41:00', '18:05:00', 4, 1, 1),
(8956, 90, '2024-08-28', '07:39:00', '16:01:00', 4, 1, 1),
(8957, 90, '2024-08-29', '07:34:00', '18:10:00', 4, 1, 1),
(8958, 90, '2024-08-30', '07:35:00', '17:43:00', 4, 1, 1),
(8959, 90, '2024-08-31', '08:01:00', '15:37:00', 4, 1, 1),
(8960, 90, '2024-09-02', '07:38:00', '17:59:00', 4, 1, 1),
(8961, 90, '2024-09-03', '07:43:00', '18:14:00', 4, 1, 1),
(8962, 90, '2024-09-04', '07:50:00', '18:48:00', 4, 1, 1),
(8963, 90, '2024-09-05', '07:54:00', '17:08:00', 4, 1, 1),
(8964, 90, '2024-09-06', '07:40:00', '18:30:00', 4, 1, 1),
(8965, 90, '2024-09-08', '08:37:00', '15:03:00', 4, 1, 1),
(8966, 90, '2024-09-09', '07:50:00', '18:29:00', 4, 1, 1),
(8967, 90, '2024-09-10', '08:00:00', '15:30:00', 4, 1, 1),
(8968, 90, '2024-09-11', '07:51:00', '17:52:00', 4, 1, 1),
(8969, 90, '2024-09-12', '07:55:00', '18:20:00', 4, 1, 1),
(8970, 90, '2024-09-16', '10:25:00', '17:06:00', 4, 1, 1),
(8971, 90, '2024-09-18', '07:45:00', '19:19:00', 4, 1, 1),
(8972, 90, '2024-09-19', '07:48:00', '18:11:00', 4, 1, 1),
(8973, 90, '2024-09-20', '07:39:00', '17:30:00', 4, 1, 1),
(8974, 90, '2024-09-23', '07:53:00', '17:13:00', 4, 1, 1),
(8975, 90, '2024-09-24', '07:57:00', '18:50:00', 4, 1, 1),
(8976, 90, '2024-09-25', '07:53:00', '18:43:00', 4, 1, 1),
(8977, 94, '2024-08-26', '08:33:00', '17:39:00', 5, 1, 1),
(8978, 94, '2024-08-27', '08:15:00', '17:11:00', 5, 1, 1),
(8979, 94, '2024-08-28', '08:24:00', '17:01:00', 5, 1, 1),
(8980, 94, '2024-08-29', '08:53:00', '13:20:00', 5, 1, 1),
(8981, 94, '2024-09-02', '08:35:00', '17:42:00', 5, 1, 1),
(8982, 94, '2024-09-03', '08:48:00', '17:38:00', 5, 1, 1),
(8983, 94, '2024-09-04', '08:24:00', '17:25:00', 5, 1, 1),
(8984, 94, '2024-09-05', '08:19:00', '17:20:00', 5, 1, 1),
(8985, 94, '2024-09-06', '08:37:00', '17:26:00', 5, 1, 1),
(8986, 94, '2024-09-09', '08:40:00', '17:40:00', 5, 1, 1),
(8987, 94, '2024-09-10', '08:34:00', '17:01:00', 5, 1, 1),
(8988, 94, '2024-09-11', '09:34:00', '17:00:00', 5, 1, 1),
(8989, 94, '2024-09-12', '08:42:00', '18:06:00', 5, 1, 1),
(8990, 94, '2024-09-13', '08:14:00', '17:37:00', 5, 1, 1),
(8991, 94, '2024-09-18', '08:13:00', '17:31:00', 5, 1, 1),
(8992, 94, '2024-09-19', '08:19:00', '18:02:00', 5, 1, 1),
(8993, 94, '2024-09-20', '08:32:00', '17:36:00', 5, 1, 1),
(8994, 94, '2024-09-24', '08:08:00', '17:02:00', 5, 1, 1),
(8995, 94, '2024-09-25', '08:15:00', '17:04:00', 5, 1, 1),
(8996, 95, '2024-08-26', '08:08:00', '18:22:00', 3, 1, 1),
(8997, 95, '2024-08-27', '08:07:00', '18:04:00', 3, 1, 1),
(8998, 95, '2024-08-28', '08:01:00', '17:53:00', 3, 1, 1),
(8999, 95, '2024-08-29', '08:04:00', '18:10:00', 3, 1, 1),
(9000, 95, '2024-08-30', '08:08:00', '17:43:00', 3, 1, 1),
(9001, 95, '2024-08-31', '08:01:00', '15:37:00', 3, 1, 1),
(9002, 95, '2024-09-02', '08:06:00', '17:59:00', 3, 1, 1),
(9003, 95, '2024-09-03', '08:29:00', '18:15:00', 3, 1, 1),
(9004, 95, '2024-09-04', '08:28:00', '18:49:00', 3, 1, 1),
(9005, 95, '2024-09-05', '08:23:00', '17:08:00', 3, 1, 1),
(9006, 95, '2024-09-06', '08:05:00', '18:31:00', 3, 1, 1),
(9007, 95, '2024-09-07', '08:02:00', '17:23:00', 3, 1, 1),
(9008, 95, '2024-09-09', '08:19:00', '18:28:00', 3, 1, 1),
(9009, 95, '2024-09-10', '08:17:00', '17:40:00', 3, 1, 1),
(9010, 95, '2024-09-11', '08:24:00', '17:52:00', 3, 1, 1),
(9011, 95, '2024-09-12', '08:12:00', '18:20:00', 3, 1, 1),
(9012, 95, '2024-09-13', '08:11:00', '18:03:00', 3, 1, 1),
(9013, 95, '2024-09-14', '07:56:00', '15:50:00', 3, 1, 1),
(9014, 95, '2024-09-16', '10:19:00', '17:06:00', 3, 1, 1),
(9015, 95, '2024-09-17', '09:13:00', '17:26:00', 3, 1, 1),
(9016, 95, '2024-09-18', '08:13:00', '19:19:00', 3, 1, 1),
(9017, 95, '2024-09-19', '08:05:00', '19:08:00', 3, 1, 1),
(9018, 95, '2024-09-20', '08:13:00', '17:30:00', 3, 1, 1),
(9019, 95, '2024-09-23', '08:03:00', '17:13:00', 3, 1, 1),
(9020, 95, '2024-09-24', '08:23:00', '17:40:00', 3, 1, 1),
(9021, 95, '2024-09-25', '08:12:00', '18:42:00', 3, 1, 1),
(9022, 96, '2024-08-26', '08:14:00', '18:22:00', 6, 1, 1),
(9023, 96, '2024-08-28', '08:07:00', '17:53:00', 6, 1, 1),
(9024, 96, '2024-08-29', '08:20:00', '18:58:00', 6, 1, 1),
(9025, 96, '2024-08-31', '09:37:00', '17:43:00', 6, 1, 1),
(9026, 96, '2024-09-01', '09:27:00', '13:29:00', 6, 1, 1),
(9027, 96, '2024-09-24', '08:14:00', '17:40:00', 6, 1, 1),
(9028, 96, '2024-09-25', '08:19:00', '18:45:00', 6, 1, 1),
(9029, 102, '2024-08-26', '08:08:00', '17:56:00', 9, 1, 1),
(9030, 102, '2024-08-27', '08:32:00', '17:32:00', 9, 1, 1),
(9031, 102, '2024-08-28', '08:28:00', '17:56:00', 9, 1, 1),
(9032, 102, '2024-08-29', '08:28:00', '17:44:00', 9, 1, 1),
(9033, 102, '2024-08-30', '08:26:00', '18:21:00', 9, 1, 1),
(9034, 102, '2024-08-31', '08:21:00', '15:59:00', 9, 1, 1),
(9035, 102, '2024-09-02', '08:21:00', '18:03:00', 9, 1, 1),
(9036, 102, '2024-09-03', '09:22:00', '18:01:00', 9, 1, 1),
(9037, 102, '2024-09-04', '08:20:00', '18:15:00', 9, 1, 1),
(9038, 102, '2024-09-05', '08:06:00', '17:19:00', 9, 1, 1),
(9039, 102, '2024-09-06', '08:30:00', '17:30:00', 9, 1, 1),
(9040, 102, '2024-09-08', '08:29:00', '13:46:00', 9, 1, 1),
(9041, 102, '2024-09-09', '08:14:00', '18:08:00', 9, 1, 1),
(9042, 102, '2024-09-10', '08:20:00', '15:37:00', 9, 1, 1),
(9043, 102, '2024-09-11', '08:26:00', '17:15:00', 9, 1, 1),
(9044, 102, '2024-09-14', '08:40:00', '15:39:00', 9, 1, 1),
(9045, 102, '2024-09-15', '08:21:00', '17:12:00', 9, 1, 1),
(9046, 102, '2024-09-16', '08:45:00', '17:06:00', 9, 1, 1),
(9047, 102, '2024-09-17', '08:35:00', '17:07:00', 9, 1, 1),
(9048, 102, '2024-09-18', '08:13:00', '17:29:00', 9, 1, 1),
(9049, 102, '2024-09-24', '08:25:00', '17:51:00', 9, 1, 1),
(9050, 102, '2024-09-25', '08:17:00', '18:06:00', 9, 1, 1),
(9051, 103, '2024-08-27', '07:56:00', '17:20:00', 20, 1, 1),
(9052, 103, '2024-08-28', '07:27:00', '17:21:00', 20, 1, 1),
(9053, 103, '2024-08-29', '07:24:00', '17:21:00', 20, 1, 1),
(9054, 103, '2024-08-30', '07:24:00', '17:21:00', 20, 1, 1),
(9055, 103, '2024-08-31', '07:26:00', '13:28:00', 20, 1, 1),
(9056, 103, '2024-09-02', '07:53:00', '17:25:00', 20, 1, 1),
(9057, 103, '2024-09-03', '07:38:00', '17:25:00', 20, 1, 1),
(9058, 103, '2024-09-04', '07:31:00', '17:25:00', 20, 1, 1),
(9059, 103, '2024-09-05', '07:38:00', '17:25:00', 20, 1, 1),
(9060, 103, '2024-09-07', '07:50:00', '13:21:00', 20, 1, 1),
(9061, 103, '2024-09-09', '07:33:00', '17:25:00', 20, 1, 1),
(9062, 103, '2024-09-10', '07:29:00', '17:17:00', 20, 1, 1),
(9063, 103, '2024-09-11', '07:28:00', '17:16:00', 20, 1, 1),
(9064, 103, '2024-09-12', '07:28:00', '17:22:00', 20, 1, 1),
(9065, 103, '2024-09-13', '07:22:00', '17:24:00', 20, 1, 1),
(9066, 103, '2024-09-14', '07:36:00', '13:23:00', 20, 1, 1),
(9067, 103, '2024-09-18', '07:30:00', '17:22:00', 20, 1, 1),
(9068, 103, '2024-09-19', '07:23:00', '17:22:00', 20, 1, 1),
(9069, 103, '2024-09-20', '07:17:00', '17:21:00', 20, 1, 1),
(9070, 103, '2024-09-23', '07:52:00', '17:18:00', 20, 1, 1),
(9071, 103, '2024-09-24', '07:30:00', '17:17:00', 20, 1, 1),
(9072, 111, '2024-08-26', '08:11:00', '17:26:00', 26, 1, 1),
(9073, 111, '2024-08-27', '08:24:00', '17:20:00', 26, 1, 1),
(9074, 111, '2024-08-28', '08:09:00', '17:24:00', 26, 1, 1),
(9075, 111, '2024-08-29', '08:11:00', '17:24:00', 26, 1, 1),
(9076, 111, '2024-09-02', '08:42:00', '17:32:00', 26, 1, 1),
(9077, 111, '2024-09-03', '08:18:00', '17:26:00', 26, 1, 1),
(9078, 111, '2024-09-04', '09:16:00', '17:20:00', 26, 1, 1),
(9079, 111, '2024-09-05', '08:23:00', '17:24:00', 26, 1, 1),
(9080, 111, '2024-09-06', '08:22:00', '17:24:00', 26, 1, 1),
(9081, 111, '2024-09-07', '08:03:00', '13:16:00', 26, 1, 1),
(9082, 111, '2024-09-09', '08:15:00', '17:09:00', 26, 1, 1),
(9083, 111, '2024-09-10', '08:31:00', '17:17:00', 26, 1, 1),
(9084, 111, '2024-09-11', '08:10:00', '17:37:00', 26, 1, 1),
(9085, 111, '2024-09-18', '08:12:00', '17:27:00', 26, 1, 1),
(9086, 111, '2024-09-19', '08:15:00', '17:28:00', 26, 1, 1),
(9087, 111, '2024-09-20', '08:18:00', '17:25:00', 26, 1, 1),
(9088, 111, '2024-09-23', '08:17:00', '17:17:00', 26, 1, 1),
(9089, 111, '2024-09-25', '08:18:00', '17:17:00', 26, 1, 1),
(9090, 112, '2024-08-27', '08:08:00', '17:00:00', 2, 1, 1),
(9091, 113, '2024-08-26', '08:08:00', '17:56:00', 10, 1, 1),
(9092, 113, '2024-08-27', '08:32:00', '17:32:00', 10, 1, 1),
(9093, 113, '2024-09-04', '08:20:00', '18:15:00', 10, 1, 1),
(9094, 113, '2024-09-05', '08:06:00', '17:19:00', 10, 1, 1),
(9095, 113, '2024-09-06', '08:30:00', '17:30:00', 10, 1, 1),
(9096, 113, '2024-09-07', '08:39:00', '14:57:00', 10, 1, 1),
(9097, 113, '2024-09-08', '08:29:00', '13:46:00', 10, 1, 1),
(9098, 113, '2024-09-09', '08:13:00', '18:08:00', 10, 1, 1),
(9099, 113, '2024-09-10', '08:32:00', '15:37:00', 10, 1, 1),
(9100, 113, '2024-09-11', '08:26:00', '17:15:00', 10, 1, 1),
(9101, 113, '2024-09-14', '08:40:00', '15:37:00', 10, 1, 1),
(9102, 113, '2024-09-15', '08:21:00', '17:12:00', 10, 1, 1),
(9103, 113, '2024-09-16', '08:45:00', '17:06:00', 10, 1, 1),
(9104, 113, '2024-09-17', '08:35:00', '17:07:00', 10, 1, 1),
(9105, 113, '2024-09-18', '08:14:00', '17:29:00', 10, 1, 1),
(9106, 113, '2024-09-19', '08:12:00', '17:52:00', 10, 1, 1),
(9107, 113, '2024-09-24', '08:25:00', '17:52:00', 10, 1, 1),
(9108, 113, '2024-09-25', '08:17:00', '18:06:00', 10, 1, 1),
(9109, 114, '2024-08-26', '08:02:00', '17:37:00', 7, 1, 1),
(9110, 114, '2024-08-27', '08:04:00', '17:27:00', 7, 1, 1),
(9111, 114, '2024-08-28', '07:59:00', '17:33:00', 7, 1, 1),
(9112, 114, '2024-08-29', '08:04:00', '17:36:00', 7, 1, 1),
(9113, 114, '2024-08-30', '08:18:00', '17:43:00', 7, 1, 1),
(9114, 114, '2024-08-31', '08:34:00', '15:30:00', 7, 1, 1),
(9115, 114, '2024-09-02', '07:58:00', '17:51:00', 7, 1, 1),
(9116, 114, '2024-09-03', '08:26:00', '17:34:00', 7, 1, 1),
(9117, 114, '2024-09-04', '08:14:00', '17:55:00', 7, 1, 1),
(9118, 114, '2024-09-06', '08:09:00', '17:31:00', 7, 1, 1),
(9119, 114, '2024-09-07', '08:13:00', '14:15:00', 7, 1, 1),
(9120, 114, '2024-09-09', '08:24:00', '17:40:00', 7, 1, 1),
(9121, 114, '2024-09-10', '07:53:00', '17:29:00', 7, 1, 1),
(9122, 114, '2024-09-11', '08:16:00', '17:18:00', 7, 1, 1),
(9123, 114, '2024-09-12', '08:05:00', '17:39:00', 7, 1, 1),
(9124, 114, '2024-09-13', '08:23:00', '17:44:00', 7, 1, 1),
(9125, 114, '2024-09-14', '08:04:00', '15:42:00', 7, 1, 1),
(9126, 114, '2024-09-15', '08:29:00', '14:19:00', 7, 1, 1),
(9127, 114, '2024-09-16', '08:50:00', '17:04:00', 7, 1, 1),
(9128, 114, '2024-09-17', '08:49:00', '16:58:00', 7, 1, 1),
(9129, 114, '2024-09-18', '08:05:00', '17:31:00', 7, 1, 1),
(9130, 114, '2024-09-19', '08:11:00', '18:05:00', 7, 1, 1),
(9131, 114, '2024-09-24', '08:49:00', '17:40:00', 7, 1, 1),
(9132, 114, '2024-09-25', '08:11:00', '18:17:00', 7, 1, 1),
(9133, 1, '2024-08-26', '08:15:00', '17:47:00', 23, 1, 1),
(9134, 1, '2024-08-27', '08:09:00', '17:50:00', 23, 1, 1),
(9135, 1, '2024-08-28', '08:22:00', '18:13:00', 23, 1, 1),
(9136, 1, '2024-09-03', '08:24:00', '17:14:00', 23, 1, 1),
(9137, 1, '2024-09-04', '08:27:00', '18:38:00', 23, 1, 1),
(9138, 1, '2024-09-05', '08:22:00', '17:42:00', 23, 1, 1),
(9139, 1, '2024-09-06', '08:16:00', '17:59:00', 23, 1, 1),
(9140, 1, '2024-09-07', '08:23:00', '13:45:00', 23, 1, 1),
(9141, 1, '2024-09-09', '08:20:00', '17:47:00', 23, 1, 1),
(9142, 1, '2024-09-10', '08:22:00', '17:04:00', 23, 1, 1),
(9143, 1, '2024-09-11', '08:26:00', NULL, 23, 1, NULL),
(9144, 1, '2024-09-12', '08:16:00', '17:42:00', 23, 1, 1),
(9145, 1, '2024-09-13', '08:20:00', '18:03:00', 23, 1, 1),
(9146, 1, '2024-09-14', NULL, '13:12:00', 23, NULL, 1),
(9147, 1, '2024-09-18', '08:26:00', '17:05:00', 23, 1, 1),
(9148, 1, '2024-09-19', '08:24:00', '17:50:00', 23, 1, 1),
(9149, 1, '2024-09-20', '08:16:00', NULL, 23, 1, NULL),
(9150, 1, '2024-09-23', '08:25:00', '17:43:00', 23, 1, 1),
(9151, 1, '2024-09-24', '08:21:00', '17:37:00', 23, 1, 1),
(9152, 1, '2024-09-25', '08:21:00', '17:34:00', 23, 1, 1),
(9153, 2, '2024-08-26', '08:10:00', '17:43:00', 24, 1, 1),
(9154, 2, '2024-08-27', '08:14:00', '17:03:00', 24, 1, 1),
(9155, 2, '2024-08-28', '08:12:00', NULL, 24, 1, NULL),
(9156, 2, '2024-08-29', '08:08:00', '18:16:00', 24, 1, 1),
(9157, 2, '2024-08-30', '08:12:00', '18:06:00', 24, 1, 1),
(9158, 2, '2024-08-31', '08:21:00', NULL, 24, 1, NULL),
(9159, 2, '2024-09-02', '08:12:00', '17:45:00', 24, 1, 1),
(9160, 2, '2024-09-03', '08:19:00', '17:46:00', 24, 1, 1),
(9161, 2, '2024-09-04', '08:15:00', '17:46:00', 24, 1, 1),
(9162, 2, '2024-09-05', '08:14:00', '17:38:00', 24, 1, 1),
(9163, 2, '2024-09-06', '08:15:00', '17:38:00', 24, 1, 1),
(9164, 2, '2024-09-07', '08:09:00', '13:34:00', 24, 1, 1),
(9165, 2, '2024-09-09', '08:13:00', '17:41:00', 24, 1, 1),
(9166, 2, '2024-09-10', '08:12:00', '17:27:00', 24, 1, 1),
(9167, 2, '2024-09-11', '08:13:00', '17:33:00', 24, 1, 1),
(9168, 2, '2024-09-12', '08:16:00', NULL, 24, 1, NULL),
(9169, 2, '2024-09-13', '08:14:00', '17:49:00', 24, 1, 1),
(9170, 2, '2024-09-14', '08:14:00', '13:30:00', 24, 1, 1),
(9171, 2, '2024-09-18', '08:12:00', '17:39:00', 24, 1, 1),
(9172, 2, '2024-09-19', '08:15:00', '17:34:00', 24, 1, 1),
(9173, 2, '2024-09-20', '08:12:00', '17:20:00', 24, 1, 1),
(9174, 2, '2024-09-23', '08:12:00', '17:30:00', 24, 1, 1),
(9175, 2, '2024-09-24', '08:25:00', '17:39:00', 24, 1, 1),
(9176, 2, '2024-09-25', '08:16:00', '17:38:00', 24, 1, 1),
(9177, 20, '2024-09-03', NULL, '19:36:00', 38, NULL, 1),
(9178, 163, '2024-08-26', '08:13:00', '17:36:00', 30, 1, 1),
(9179, 163, '2024-08-27', '08:24:00', '16:15:00', 30, 1, 1),
(9180, 159, '2024-08-26', '08:13:00', '17:37:00', 15, 1, 1),
(9181, 159, '2024-08-27', '08:24:00', '17:24:00', 15, 1, 1),
(9182, 159, '2024-08-28', '08:19:00', '17:44:00', 15, 1, 1),
(9183, 159, '2024-08-29', '08:20:00', '17:32:00', 15, 1, 1),
(9184, 159, '2024-08-30', '08:26:00', '17:34:00', 15, 1, 1),
(9185, 159, '2024-09-01', '08:14:00', '13:45:00', 15, 1, 1),
(9186, 159, '2024-09-02', '08:14:00', '17:39:00', 15, 1, 1),
(9187, 159, '2024-09-03', '08:33:00', '17:39:00', 15, 1, 1),
(9188, 159, '2024-09-04', '08:30:00', '17:40:00', 15, 1, 1),
(9189, 159, '2024-09-05', '08:27:00', '17:38:00', 15, 1, 1),
(9190, 159, '2024-09-06', '08:20:00', '17:30:00', 15, 1, 1),
(9191, 159, '2024-09-07', '08:16:00', '13:55:00', 15, 1, 1),
(9192, 159, '2024-09-09', '08:26:00', '17:38:00', 15, 1, 1),
(9193, 159, '2024-09-10', '08:18:00', '17:36:00', 15, 1, 1),
(9194, 159, '2024-09-11', '08:24:00', '17:26:00', 15, 1, 1),
(9195, 159, '2024-09-12', '08:17:00', '16:52:00', 15, 1, 1),
(9196, 159, '2024-09-13', '08:19:00', '14:46:00', 15, 1, 1),
(9197, 159, '2024-09-23', '08:09:00', '17:26:00', 15, 1, 1),
(9198, 159, '2024-09-24', '08:23:00', '17:32:00', 15, 1, 1),
(9199, 159, '2024-09-25', '08:14:00', '17:54:00', 15, 1, 1),
(9200, 21, '2024-08-26', '07:53:00', NULL, 37, 1, NULL),
(9201, 21, '2024-08-27', '08:00:00', NULL, 37, 1, NULL),
(9202, 21, '2024-08-28', '08:06:00', NULL, 37, 1, NULL),
(9203, 21, '2024-08-29', '08:09:00', NULL, 37, 1, NULL),
(9204, 21, '2024-09-02', '08:07:00', NULL, 37, 1, NULL),
(9205, 21, '2024-09-03', '08:10:00', NULL, 37, 1, NULL),
(9206, 21, '2024-09-04', '08:03:00', NULL, 37, 1, NULL),
(9207, 21, '2024-09-05', '08:16:00', NULL, 37, 1, NULL),
(9208, 21, '2024-09-06', '08:34:00', NULL, 37, 1, NULL),
(9209, 21, '2024-09-09', '08:00:00', NULL, 37, 1, NULL),
(9210, 21, '2024-09-10', '08:17:00', NULL, 37, 1, NULL),
(9211, 21, '2024-09-11', '08:06:00', NULL, 37, 1, NULL),
(9212, 21, '2024-09-12', '08:17:00', NULL, 37, 1, NULL),
(9213, 21, '2024-09-13', '08:15:00', NULL, 37, 1, NULL),
(9214, 21, '2024-09-18', '08:18:00', NULL, 37, 1, NULL),
(9215, 21, '2024-09-19', '08:22:00', NULL, 37, 1, NULL),
(9216, 21, '2024-09-20', '08:49:00', NULL, 37, 1, NULL),
(9217, 21, '2024-09-23', '08:08:00', NULL, 37, 1, NULL),
(9218, 21, '2024-09-24', '08:22:00', NULL, 37, 1, NULL),
(9219, 21, '2024-09-25', '08:23:00', NULL, 37, 1, NULL),
(9220, 158, '2024-08-26', '08:13:00', '17:36:00', 16, 1, 1),
(9221, 158, '2024-08-27', '08:24:00', '17:23:00', 16, 1, 1),
(9222, 158, '2024-08-28', '08:19:00', '17:44:00', 16, 1, 1),
(9223, 158, '2024-08-29', '08:20:00', '17:32:00', 16, 1, 1),
(9224, 158, '2024-08-30', '08:26:00', '17:06:00', 16, 1, 1),
(9225, 158, '2024-09-01', '08:14:00', '13:45:00', 16, 1, 1),
(9226, 158, '2024-09-02', '08:14:00', '17:39:00', 16, 1, 1),
(9227, 158, '2024-09-03', '08:33:00', '17:39:00', 16, 1, 1),
(9228, 158, '2024-09-04', '08:30:00', '17:38:00', 16, 1, 1),
(9229, 158, '2024-09-05', '08:27:00', '17:38:00', 16, 1, 1),
(9230, 158, '2024-09-06', '08:20:00', '17:23:00', 16, 1, 1),
(9231, 158, '2024-09-07', '08:16:00', '13:55:00', 16, 1, 1),
(9232, 158, '2024-09-09', '08:26:00', '17:38:00', 16, 1, 1),
(9233, 158, '2024-09-10', '08:18:00', '17:36:00', 16, 1, 1),
(9234, 158, '2024-09-11', '08:23:00', '17:25:00', 16, 1, 1),
(9235, 158, '2024-09-12', '08:17:00', '16:52:00', 16, 1, 1),
(9236, 158, '2024-09-14', '08:05:00', '14:03:00', 16, 1, 1),
(9237, 158, '2024-09-23', '08:32:00', '17:26:00', 16, 1, 1),
(9238, 158, '2024-09-24', '08:22:00', '17:32:00', 16, 1, 1),
(9239, 158, '2024-09-25', '08:14:00', '17:54:00', 16, 1, 1),
(9240, 174, '2024-08-26', '08:14:00', '18:48:00', 31, 1, 1),
(9241, 174, '2024-08-27', '08:11:00', NULL, 31, 1, NULL),
(9242, 174, '2024-08-28', '07:54:00', '17:35:00', 31, 1, 1),
(9243, 174, '2024-08-29', '08:04:00', NULL, 31, 1, NULL),
(9244, 174, '2024-08-30', '07:57:00', NULL, 31, 1, NULL),
(9245, 174, '2024-08-31', '07:54:00', '18:53:00', 31, 1, 1),
(9246, 174, '2024-09-01', '09:07:00', NULL, 31, 1, NULL),
(9247, 174, '2024-09-02', '08:05:00', '18:14:00', 31, 1, 1),
(9248, 174, '2024-09-03', '08:31:00', '19:30:00', 31, 1, 1),
(9249, 174, '2024-09-04', '07:32:00', '17:37:00', 31, 1, 1),
(9250, 174, '2024-09-05', '08:16:00', '19:30:00', 31, 1, 1),
(9251, 174, '2024-09-06', '08:01:00', '18:20:00', 31, 1, 1),
(9252, 174, '2024-09-07', '07:46:00', '19:09:00', 31, 1, 1),
(9253, 174, '2024-09-08', '08:39:00', '13:38:00', 31, 1, 1),
(9254, 174, '2024-09-09', '07:50:00', NULL, 31, 1, NULL),
(9255, 174, '2024-09-10', '08:16:00', NULL, 31, 1, NULL),
(9256, 174, '2024-09-11', '08:07:00', '18:31:00', 31, 1, 1),
(9257, 174, '2024-09-12', '08:03:00', '19:02:00', 31, 1, 1),
(9258, 174, '2024-09-13', '08:28:00', '19:41:00', 31, 1, 1),
(9259, 174, '2024-09-14', '07:32:00', '17:04:00', 31, 1, 1),
(9260, 174, '2024-09-23', '07:31:00', '17:46:00', 31, 1, 1),
(9261, 174, '2024-09-24', '08:06:00', '18:10:00', 31, 1, 1),
(9262, 174, '2024-09-25', '07:59:00', '18:51:00', 31, 1, 1),
(9263, 160, '2024-09-03', NULL, '17:30:00', 13, NULL, 1),
(9264, 160, '2024-09-04', '08:13:00', '18:02:00', 13, 1, 1),
(9265, 160, '2024-09-05', '08:04:00', '17:32:00', 13, 1, 1),
(9266, 160, '2024-09-06', '08:10:00', '17:24:00', 13, 1, 1),
(9267, 160, '2024-09-07', '08:14:00', '13:58:00', 13, 1, 1),
(9268, 160, '2024-09-09', '08:14:00', '17:40:00', 13, 1, 1),
(9269, 160, '2024-09-10', '08:21:00', '17:40:00', 13, 1, 1),
(9270, 160, '2024-09-11', '08:17:00', '18:12:00', 13, 1, 1),
(9271, 160, '2024-09-12', '08:20:00', '17:44:00', 13, 1, 1),
(9272, 160, '2024-09-13', '08:23:00', '17:36:00', 13, 1, 1),
(9273, 160, '2024-09-14', '08:27:00', '15:31:00', 13, 1, 1),
(9274, 160, '2024-09-18', '08:27:00', '17:36:00', 13, 1, 1),
(9275, 160, '2024-09-19', '08:23:00', '17:54:00', 13, 1, 1),
(9276, 160, '2024-09-20', '08:28:00', '17:36:00', 13, 1, 1),
(9277, 160, '2024-09-23', '08:22:00', '17:16:00', 13, 1, 1),
(9278, 160, '2024-09-24', '08:34:00', '17:46:00', 13, 1, 1),
(9279, 160, '2024-09-25', '08:41:00', '18:06:00', 13, 1, 1),
(9280, 164, '2024-09-03', NULL, '17:24:00', 17, NULL, 1),
(9281, 164, '2024-09-04', '08:27:00', '17:55:00', 17, 1, 1),
(9282, 164, '2024-09-05', '08:29:00', '17:22:00', 17, 1, 1),
(9283, 164, '2024-09-06', '08:37:00', '17:24:00', 17, 1, 1),
(9284, 164, '2024-09-07', '08:14:00', '14:41:00', 17, 1, 1),
(9285, 164, '2024-09-09', '08:45:00', '17:32:00', 17, 1, 1),
(9286, 164, '2024-09-10', '08:18:00', '17:27:00', 17, 1, 1),
(9287, 164, '2024-09-11', '08:39:00', '17:16:00', 17, 1, 1),
(9288, 164, '2024-09-12', '08:50:00', '17:39:00', 17, 1, 1),
(9289, 164, '2024-09-13', '08:33:00', '17:34:00', 17, 1, 1),
(9290, 164, '2024-09-14', '08:19:00', '16:41:00', 17, 1, 1),
(9291, 164, '2024-09-15', '08:15:00', '17:08:00', 17, 1, 1),
(9292, 164, '2024-09-18', '08:38:00', '17:37:00', 17, 1, 1),
(9293, 164, '2024-09-20', '07:43:00', '17:36:00', 17, 1, 1),
(9294, 164, '2024-09-23', '08:03:00', '17:16:00', 17, 1, 1),
(9295, 164, '2024-09-24', '08:19:00', '17:33:00', 17, 1, 1),
(9296, 164, '2024-09-25', '08:26:00', '18:07:00', 17, 1, 1),
(9297, 9, '2024-08-26', '08:33:00', '19:40:00', 27, 1, 1),
(9298, 9, '2024-08-27', '08:46:00', '18:00:00', 27, 1, 1),
(9299, 9, '2024-08-28', '08:27:00', '18:18:00', 27, 1, 1),
(9300, 9, '2024-08-29', NULL, '18:22:00', 27, NULL, 1),
(9301, 9, '2024-08-30', NULL, '17:17:00', 27, NULL, 1),
(9302, 9, '2024-09-02', NULL, '17:54:00', 27, NULL, 1),
(9303, 9, '2024-09-03', '08:53:00', '17:22:00', 27, 1, 1),
(9304, 9, '2024-09-04', '08:57:00', '18:11:00', 27, 1, 1),
(9305, 9, '2024-09-05', '08:59:00', '18:46:00', 27, 1, 1),
(9306, 9, '2024-09-06', '08:27:00', '17:29:00', 27, 1, 1),
(9307, 9, '2024-09-07', NULL, '13:44:00', 27, NULL, 1),
(9308, 9, '2024-09-09', NULL, '18:01:00', 27, NULL, 1),
(9309, 9, '2024-09-10', '08:42:00', '17:25:00', 27, 1, 1),
(9310, 9, '2024-09-11', '08:28:00', '17:33:00', 27, 1, 1),
(9311, 9, '2024-09-12', '10:00:00', '17:19:00', 27, 1, 1),
(9312, 9, '2024-09-13', '08:43:00', '17:51:00', 27, 1, 1),
(9313, 9, '2024-09-18', '08:38:00', '18:27:00', 27, 1, 1),
(9314, 9, '2024-09-19', '08:51:00', '17:49:00', 27, 1, 1),
(9315, 9, '2024-09-20', '08:15:00', '17:10:00', 27, 1, 1),
(9316, 9, '2024-09-23', '09:14:00', '17:07:00', 27, 1, 1),
(9317, 9, '2024-09-24', '08:34:00', '17:58:00', 27, 1, 1),
(9318, 9, '2024-09-25', '08:29:00', '17:08:00', 27, 1, 1),
(9319, 167, '2024-09-03', NULL, '17:30:00', 36, NULL, 1),
(9320, 167, '2024-09-04', '07:52:00', '18:02:00', 36, 1, 1),
(9321, 167, '2024-09-05', '07:42:00', '17:20:00', 36, 1, 1),
(9322, 167, '2024-09-06', '07:38:00', '17:23:00', 36, 1, 1),
(9323, 167, '2024-09-07', '07:37:00', '13:58:00', 36, 1, 1),
(9324, 167, '2024-09-09', '07:38:00', '17:11:00', 36, 1, 1),
(9325, 167, '2024-09-10', '07:44:00', '17:22:00', 36, 1, 1),
(9326, 167, '2024-09-11', '07:37:00', '17:16:00', 36, 1, 1),
(9327, 167, '2024-09-14', '07:54:00', '13:24:00', 36, 1, 1),
(9328, 167, '2024-09-18', '07:57:00', '17:27:00', 36, 1, 1),
(9329, 167, '2024-09-19', '07:55:00', '17:23:00', 36, 1, 1),
(9330, 167, '2024-09-20', '07:31:00', '12:58:00', 36, 1, 1),
(9331, 167, '2024-09-23', '07:28:00', '17:17:00', 36, 1, 1),
(9332, 167, '2024-09-24', '07:59:00', '17:20:00', 36, 1, 1),
(9333, 167, '2024-09-25', '07:54:00', '17:12:00', 36, 1, 1),
(9334, 165, '2024-09-03', NULL, '17:39:00', 14, NULL, 1),
(9335, 165, '2024-09-04', '08:10:00', '16:57:00', 14, 1, 1),
(9336, 165, '2024-09-05', '08:21:00', '17:28:00', 14, 1, 1),
(9337, 165, '2024-09-06', '08:17:00', NULL, 14, 1, NULL),
(9338, 165, '2024-09-07', '08:21:00', '13:16:00', 14, 1, 1),
(9339, 165, '2024-09-09', '08:12:00', '17:28:00', 14, 1, 1),
(9340, 165, '2024-09-10', '08:14:00', '17:01:00', 14, 1, 1),
(9341, 165, '2024-09-11', '08:34:00', NULL, 14, 1, NULL),
(9342, 165, '2024-09-12', '08:08:00', NULL, 14, 1, NULL),
(9343, 165, '2024-09-13', '08:27:00', '17:29:00', 14, 1, 1),
(9344, 165, '2024-09-14', '08:16:00', '13:40:00', 14, 1, 1),
(9345, 165, '2024-09-17', '09:03:00', NULL, 14, 1, NULL),
(9346, 165, '2024-09-18', '08:36:00', '16:40:00', 14, 1, 1),
(9347, 165, '2024-09-19', '08:37:00', NULL, 14, 1, NULL),
(9348, 165, '2024-09-21', '10:30:00', NULL, 14, 1, NULL),
(9349, 165, '2024-09-23', '08:34:00', '16:57:00', 14, 1, 1),
(9350, 165, '2024-09-24', '08:25:00', NULL, 14, 1, NULL),
(9351, 165, '2024-09-25', '08:34:00', '18:40:00', 14, 1, 1),
(9352, 161, '2024-09-11', NULL, '17:15:00', 32, NULL, 1),
(9353, 161, '2024-09-12', '08:00:00', '17:39:00', 32, 1, 1),
(9354, 161, '2024-09-13', '07:54:00', '17:33:00', 32, 1, 1),
(9355, 161, '2024-09-14', '08:02:00', '16:42:00', 32, 1, 1),
(9356, 161, '2024-09-17', '07:51:00', '17:06:00', 32, 1, 1),
(9357, 161, '2024-09-18', '08:13:00', '17:32:00', 32, 1, 1),
(9358, 161, '2024-09-19', '08:13:00', '17:53:00', 32, 1, 1),
(9359, 161, '2024-09-20', '07:58:00', '17:30:00', 32, 1, 1),
(9360, 161, '2024-09-23', '07:57:00', '17:17:00', 32, 1, 1),
(9361, 161, '2024-09-24', NULL, '17:38:00', 32, NULL, 1),
(9362, 161, '2024-09-25', '08:15:00', '18:29:00', 32, 1, 1),
(9363, 168, '2024-09-11', NULL, '17:15:00', 33, NULL, 1),
(9364, 168, '2024-09-12', '08:17:00', '17:39:00', 33, 1, 1),
(9365, 168, '2024-09-13', '08:22:00', '17:34:00', 33, 1, 1),
(9366, 168, '2024-09-14', '08:09:00', '16:52:00', 33, 1, 1),
(9367, 168, '2024-09-15', '08:04:00', '13:27:00', 33, 1, 1),
(9368, 168, '2024-09-18', '08:12:00', '17:30:00', 33, 1, 1),
(9369, 168, '2024-09-19', '08:13:00', '17:53:00', 33, 1, 1),
(9370, 168, '2024-09-20', '08:35:00', '17:19:00', 33, 1, 1),
(9371, 168, '2024-09-23', '08:16:00', '17:14:00', 33, 1, 1),
(9372, 168, '2024-09-24', '08:14:00', '17:25:00', 33, 1, 1),
(9373, 168, '2024-09-25', '08:15:00', '17:57:00', 33, 1, 1),
(9374, 10, '2024-08-26', '08:21:00', '17:33:00', 25, 1, 1),
(9375, 10, '2024-08-27', '08:08:00', '17:51:00', 25, 1, 1),
(9376, 10, '2024-08-28', '08:11:00', '17:26:00', 25, 1, 1),
(9377, 10, '2024-08-30', '08:18:00', '17:34:00', 25, 1, 1),
(9378, 10, '2024-08-31', '08:37:00', '13:56:00', 25, 1, 1),
(9379, 10, '2024-09-02', '08:55:00', '17:44:00', 25, 1, 1),
(9380, 10, '2024-09-03', '08:20:00', '17:32:00', 25, 1, 1),
(9381, 10, '2024-09-04', '08:24:00', '17:47:00', 25, 1, 1),
(9382, 10, '2024-09-05', '10:13:00', '18:18:00', 25, 1, 1),
(9383, 10, '2024-09-06', '08:18:00', '18:27:00', 25, 1, 1),
(9384, 10, '2024-09-07', '08:39:00', '13:53:00', 25, 1, 1),
(9385, 10, '2024-09-09', '08:37:00', '17:25:00', 25, 1, 1),
(9386, 10, '2024-09-10', '08:04:00', '17:29:00', 25, 1, 1),
(9387, 10, '2024-09-11', '08:49:00', '17:32:00', 25, 1, 1),
(9388, 10, '2024-09-12', '08:05:00', '17:36:00', 25, 1, 1),
(9389, 10, '2024-09-13', '08:03:00', '17:29:00', 25, 1, 1),
(9390, 10, '2024-09-14', '08:30:00', '15:05:00', 25, 1, 1),
(9391, 10, '2024-09-18', '08:07:00', '17:35:00', 25, 1, 1),
(9392, 10, '2024-09-19', '08:18:00', '17:48:00', 25, 1, 1),
(9393, 10, '2024-09-20', '08:06:00', '17:29:00', 25, 1, 1),
(9394, 10, '2024-09-23', '08:41:00', '17:17:00', 25, 1, 1),
(9395, 10, '2024-09-24', '08:09:00', '18:18:00', 25, 1, 1);
INSERT INTO `emp_attendence` (`attendence_id`, `FP_Id`, `FP_Date`, `FP_Start_Time`, `FP_End_Time`, `E_Id`, `checkIn_location`, `checkOut_location`) VALUES
(9396, 10, '2024-09-25', '08:11:00', '17:48:00', 25, 1, 1),
(9397, 36, '2024-08-27', '08:07:00', '19:31:00', 34, 1, 1),
(9398, 36, '2024-08-28', '09:18:00', '18:50:00', 34, 1, 1),
(9399, 36, '2024-08-29', '07:57:00', '20:01:00', 34, 1, 1),
(9400, 36, '2024-08-30', '08:41:00', NULL, 34, 1, NULL),
(9401, 36, '2024-08-31', '08:56:00', '14:42:00', 34, 1, 1),
(9402, 36, '2024-09-02', '08:41:00', NULL, 34, 1, NULL),
(9403, 36, '2024-09-03', '09:33:00', '19:01:00', 34, 1, 1),
(9404, 36, '2024-09-04', '08:54:00', '19:06:00', 34, 1, 1),
(9405, 36, '2024-09-05', '09:02:00', NULL, 34, 1, NULL),
(9406, 36, '2024-09-06', '09:07:00', '18:29:00', 34, 1, 1),
(9407, 36, '2024-09-07', '09:02:00', NULL, 34, 1, NULL),
(9408, 36, '2024-09-08', NULL, '14:05:00', 34, NULL, 1),
(9409, 36, '2024-09-09', '08:35:00', NULL, 34, 1, NULL),
(9410, 36, '2024-09-10', '09:02:00', NULL, 34, 1, NULL),
(9411, 36, '2024-09-11', '09:19:00', NULL, 34, 1, NULL),
(9412, 36, '2024-09-12', NULL, '19:14:00', 34, NULL, 1),
(9413, 36, '2024-09-13', '09:11:00', '20:10:00', 34, 1, 1),
(9414, 36, '2024-09-14', '08:37:00', '15:59:00', 34, 1, 1),
(9415, 36, '2024-09-15', '09:28:00', '17:12:00', 34, 1, 1),
(9416, 36, '2024-09-16', '09:23:00', '17:11:00', 34, 1, 1),
(9417, 36, '2024-09-17', '09:43:00', '17:26:00', 34, 1, 1),
(9418, 36, '2024-09-18', '09:22:00', NULL, 34, 1, NULL),
(9419, 36, '2024-09-19', '08:10:00', '19:08:00', 34, 1, 1),
(9420, 36, '2024-09-20', '09:30:00', NULL, 34, 1, NULL),
(9421, 36, '2024-09-21', '10:34:00', '15:10:00', 34, 1, 1),
(9422, 36, '2024-09-23', '09:48:00', '18:37:00', 34, 1, 1),
(9423, 36, '2024-09-24', '10:36:00', '18:57:00', 34, 1, 1),
(9424, 36, '2024-09-25', '09:19:00', '18:45:00', 34, 1, 1),
(9425, 57, '2024-08-26', '09:03:00', '16:44:00', 29, 1, 1),
(9426, 57, '2024-08-27', '08:27:00', '17:21:00', 29, 1, 1),
(9427, 57, '2024-08-28', '07:21:00', '18:36:00', 29, 1, 1),
(9428, 57, '2024-08-29', '08:43:00', '17:27:00', 29, 1, 1),
(9429, 57, '2024-08-31', '09:29:00', '13:35:00', 29, 1, 1),
(9430, 57, '2024-09-02', '08:04:00', '16:59:00', 29, 1, 1),
(9431, 57, '2024-09-03', '08:54:00', NULL, 29, 1, NULL),
(9432, 57, '2024-09-04', '08:23:00', '17:08:00', 29, 1, 1),
(9433, 57, '2024-09-05', '08:41:00', NULL, 29, 1, NULL),
(9434, 57, '2024-09-06', '07:51:00', '17:01:00', 29, 1, 1),
(9435, 57, '2024-09-09', '07:31:00', '17:29:00', 29, 1, 1),
(9436, 57, '2024-09-10', '08:09:00', NULL, 29, 1, NULL),
(9437, 57, '2024-09-11', '09:06:00', '16:52:00', 29, 1, 1),
(9438, 57, '2024-09-12', '07:46:00', '17:19:00', 29, 1, 1),
(9439, 57, '2024-09-13', '08:45:00', NULL, 29, 1, NULL),
(9440, 57, '2024-09-14', '09:20:00', '13:09:00', 29, 1, 1),
(9441, 57, '2024-09-18', '08:01:00', '16:51:00', 29, 1, 1),
(9442, 57, '2024-09-20', NULL, '17:27:00', 29, NULL, 1),
(9443, 57, '2024-09-23', '09:38:00', NULL, 29, 1, NULL),
(9444, 57, '2024-09-24', '07:53:00', NULL, 29, 1, NULL),
(9445, 57, '2024-09-25', '07:57:00', '17:01:00', 29, 1, 1),
(9446, 59, '2024-08-27', '08:45:00', NULL, 35, 1, NULL),
(9447, 59, '2024-08-28', '08:40:00', '19:12:00', 35, 1, 1),
(9448, 59, '2024-08-29', '08:48:00', '18:18:00', 35, 1, 1),
(9449, 59, '2024-08-30', '08:45:00', '18:15:00', 35, 1, 1),
(9450, 59, '2024-08-31', '08:39:00', '19:42:00', 35, 1, 1),
(9451, 59, '2024-09-02', '08:11:00', '20:02:00', 35, 1, 1),
(9452, 59, '2024-09-03', '09:01:00', '18:17:00', 35, 1, 1),
(9453, 59, '2024-09-04', NULL, '18:56:00', 35, NULL, 1),
(9454, 59, '2024-09-05', '08:36:00', '19:14:00', 35, 1, 1),
(9455, 59, '2024-09-06', NULL, '19:16:00', 35, NULL, 1),
(9456, 59, '2024-09-07', '08:34:00', '16:42:00', 35, 1, 1),
(9457, 59, '2024-09-09', '08:35:00', '17:55:00', 35, 1, 1),
(9458, 59, '2024-09-10', NULL, '19:21:00', 35, NULL, 1),
(9459, 59, '2024-09-11', NULL, '19:47:00', 35, NULL, 1),
(9460, 59, '2024-09-12', '08:41:00', '19:14:00', 35, 1, 1),
(9461, 59, '2024-09-13', '08:40:00', '19:39:00', 35, 1, 1),
(9462, 59, '2024-09-14', NULL, '15:49:00', 35, NULL, 1),
(9463, 59, '2024-09-18', '08:55:00', '19:45:00', 35, 1, 1),
(9464, 59, '2024-09-19', '08:51:00', '18:53:00', 35, 1, 1),
(9465, 59, '2024-09-20', '08:17:00', '19:07:00', 35, 1, 1),
(9466, 59, '2024-09-21', NULL, '15:08:00', 35, NULL, 1),
(9467, 59, '2024-09-23', '08:35:00', '18:40:00', 35, 1, 1),
(9468, 59, '2024-09-24', '09:06:00', '18:57:00', 35, 1, 1),
(9469, 59, '2024-09-25', '08:59:00', '18:41:00', 35, 1, 1),
(9470, 5, '2024-08-26', NULL, '18:09:00', 8, NULL, 1),
(9471, 5, '2024-08-27', '08:49:00', '18:08:00', 8, 1, 1),
(9472, 5, '2024-08-28', '08:42:00', '18:29:00', 8, 1, 1),
(9473, 5, '2024-09-02', '08:14:00', '17:44:00', 8, 1, 1),
(9474, 5, '2024-09-03', '08:23:00', '17:14:00', 8, 1, 1),
(9475, 5, '2024-09-04', '08:27:00', '17:20:00', 8, 1, 1),
(9476, 5, '2024-09-05', '08:01:00', '17:25:00', 8, 1, 1),
(9477, 5, '2024-09-06', '08:26:00', '18:24:00', 8, 1, 1),
(9478, 5, '2024-09-07', '08:16:00', '13:34:00', 8, 1, 1),
(9479, 5, '2024-09-09', '08:21:00', '18:13:00', 8, 1, 1),
(9480, 5, '2024-09-10', '08:22:00', '17:51:00', 8, 1, 1),
(9481, 5, '2024-09-11', '08:30:00', '17:20:00', 8, 1, 1),
(9482, 5, '2024-09-12', '08:37:00', '19:12:00', 8, 1, 1),
(9483, 5, '2024-09-13', '08:54:00', '18:25:00', 8, 1, 1),
(9484, 5, '2024-09-14', '08:25:00', '15:28:00', 8, 1, 1),
(9485, 5, '2024-09-18', '08:15:00', '18:18:00', 8, 1, 1),
(9486, 5, '2024-09-19', '08:10:00', '18:58:00', 8, 1, 1),
(9487, 5, '2024-09-20', '08:13:00', '17:39:00', 8, 1, 1),
(9488, 5, '2024-09-21', '08:35:00', NULL, 8, 1, NULL),
(9489, 5, '2024-09-23', '09:33:00', '17:52:00', 8, 1, 1),
(9490, 5, '2024-09-24', '08:41:00', '17:31:00', 8, 1, 1),
(9491, 5, '2024-09-25', '08:18:00', '17:31:00', 8, 1, 1),
(9492, 69, '2024-08-26', '07:22:00', '17:31:00', 19, 1, 1),
(9493, 69, '2024-08-27', '08:00:00', '17:27:00', 19, 1, 1),
(9494, 69, '2024-08-28', '08:02:00', '17:23:00', 19, 1, 1),
(9495, 69, '2024-08-29', '08:19:00', '17:23:00', 19, 1, 1),
(9496, 69, '2024-08-30', '07:48:00', '17:29:00', 19, 1, 1),
(9497, 69, '2024-08-31', '08:00:00', '13:53:00', 19, 1, 1),
(9498, 69, '2024-09-02', NULL, '17:29:00', 19, NULL, 1),
(9499, 69, '2024-09-05', '08:09:00', NULL, 19, 1, NULL),
(9500, 69, '2024-09-06', '07:54:00', '17:48:00', 19, 1, 1),
(9501, 69, '2024-09-07', '07:47:00', '13:17:00', 19, 1, 1),
(9502, 69, '2024-09-09', '08:02:00', '17:26:00', 19, 1, 1),
(9503, 69, '2024-09-10', '08:04:00', '17:22:00', 19, 1, 1),
(9504, 69, '2024-09-11', '08:01:00', '17:08:00', 19, 1, 1),
(9505, 69, '2024-09-12', '08:03:00', '17:22:00', 19, 1, 1),
(9506, 69, '2024-09-13', '08:04:00', '17:27:00', 19, 1, 1),
(9507, 69, '2024-09-14', '07:11:00', '14:05:00', 19, 1, 1),
(9508, 69, '2024-09-23', '08:04:00', '17:17:00', 19, 1, 1),
(9509, 69, '2024-09-24', '08:02:00', '17:22:00', 19, 1, 1),
(9510, 69, '2024-09-25', '08:11:00', '17:23:00', 19, 1, 1),
(9511, 70, '2024-08-26', '08:08:00', '17:31:00', 18, 1, 1),
(9512, 70, '2024-08-27', '07:40:00', '17:21:00', 18, 1, 1),
(9513, 70, '2024-08-28', '07:54:00', '17:14:00', 18, 1, 1),
(9514, 70, '2024-08-29', '08:03:00', '17:23:00', 18, 1, 1),
(9515, 70, '2024-08-30', '08:08:00', '17:22:00', 18, 1, 1),
(9516, 70, '2024-08-31', '08:26:00', '13:53:00', 18, 1, 1),
(9517, 70, '2024-09-02', '08:04:00', '17:31:00', 18, 1, 1),
(9518, 70, '2024-09-03', '08:20:00', '17:27:00', 18, 1, 1),
(9519, 70, '2024-09-04', '08:20:00', '17:24:00', 18, 1, 1),
(9520, 70, '2024-09-05', '08:13:00', '18:16:00', 18, 1, 1),
(9521, 70, '2024-09-06', '08:07:00', '17:51:00', 18, 1, 1),
(9522, 70, '2024-09-07', '08:04:00', '13:23:00', 18, 1, 1),
(9523, 70, '2024-09-09', '08:04:00', '17:27:00', 18, 1, 1),
(9524, 70, '2024-09-10', '08:02:00', '17:21:00', 18, 1, 1),
(9525, 70, '2024-09-11', '08:11:00', '17:16:00', 18, 1, 1),
(9526, 70, '2024-09-12', '08:05:00', '17:23:00', 18, 1, 1),
(9527, 70, '2024-09-13', '08:05:00', '17:27:00', 18, 1, 1),
(9528, 70, '2024-09-14', '08:05:00', '14:05:00', 18, 1, 1),
(9529, 70, '2024-09-24', '08:11:00', '17:24:00', 18, 1, 1),
(9530, 70, '2024-09-25', '07:58:00', '17:06:00', 18, 1, 1),
(9531, 71, '2024-08-26', '08:33:00', '18:40:00', 22, 1, 1),
(9532, 71, '2024-08-27', '08:38:00', '18:04:00', 22, 1, 1),
(9533, 71, '2024-08-28', '08:25:00', '18:12:00', 22, 1, 1),
(9534, 71, '2024-08-29', '08:37:00', '18:03:00', 22, 1, 1),
(9535, 71, '2024-08-30', '08:44:00', '18:44:00', 22, 1, 1),
(9536, 71, '2024-08-31', '08:46:00', '14:44:00', 22, 1, 1),
(9537, 71, '2024-09-02', '08:35:00', '18:32:00', 22, 1, 1),
(9538, 71, '2024-09-03', '08:58:00', '18:11:00', 22, 1, 1),
(9539, 71, '2024-09-04', '08:14:00', '18:35:00', 22, 1, 1),
(9540, 71, '2024-09-05', '08:13:00', '17:17:00', 22, 1, 1),
(9541, 71, '2024-09-06', '08:31:00', '18:59:00', 22, 1, 1),
(9542, 71, '2024-09-07', '08:35:00', '14:44:00', 22, 1, 1),
(9543, 71, '2024-09-09', '08:53:00', '18:52:00', 22, 1, 1),
(9544, 71, '2024-09-10', '08:40:00', '18:12:00', 22, 1, 1),
(9545, 71, '2024-09-11', '08:46:00', '18:05:00', 22, 1, 1),
(9546, 71, '2024-09-12', '08:42:00', '17:43:00', 22, 1, 1),
(9547, 71, '2024-09-13', '08:55:00', '19:36:00', 22, 1, 1),
(9548, 71, '2024-09-14', '08:36:00', '14:38:00', 22, 1, 1),
(9549, 71, '2024-09-18', '08:42:00', '17:59:00', 22, 1, 1),
(9550, 71, '2024-09-19', '08:31:00', '17:59:00', 22, 1, 1),
(9551, 71, '2024-09-20', '08:36:00', '17:31:00', 22, 1, 1),
(9552, 71, '2024-09-23', '08:47:00', '17:40:00', 22, 1, 1),
(9553, 71, '2024-09-24', '08:45:00', '18:16:00', 22, 1, 1),
(9554, 71, '2024-09-25', '08:52:00', '18:00:00', 22, 1, 1),
(9555, 77, '2024-08-26', '08:16:00', '17:19:00', 28, 1, 1),
(9556, 77, '2024-08-27', '08:25:00', '17:24:00', 28, 1, 1),
(9557, 77, '2024-08-28', '08:22:00', '17:10:00', 28, 1, 1),
(9558, 77, '2024-08-29', '08:28:00', '17:17:00', 28, 1, 1),
(9559, 77, '2024-08-30', '08:26:00', '17:05:00', 28, 1, 1),
(9560, 77, '2024-09-02', '08:33:00', '17:07:00', 28, 1, 1),
(9561, 77, '2024-09-03', '08:28:00', '17:06:00', 28, 1, 1),
(9562, 77, '2024-09-05', '08:34:00', '17:17:00', 28, 1, 1),
(9563, 77, '2024-09-06', '08:17:00', '17:20:00', 28, 1, 1),
(9564, 77, '2024-09-07', '08:36:00', '13:31:00', 28, 1, 1),
(9565, 77, '2024-09-09', '08:24:00', '17:13:00', 28, 1, 1),
(9566, 77, '2024-09-10', '08:33:00', '17:17:00', 28, 1, 1),
(9567, 80, '2024-08-26', '07:59:00', '17:59:00', 11, 1, 1),
(9568, 80, '2024-08-27', '08:10:00', '18:02:00', 11, 1, 1),
(9569, 80, '2024-08-28', '07:53:00', '18:48:00', 11, 1, 1),
(9570, 80, '2024-08-29', '07:56:00', '18:24:00', 11, 1, 1),
(9571, 80, '2024-08-30', '08:05:00', '18:25:00', 11, 1, 1),
(9572, 80, '2024-08-31', '07:54:00', '18:23:00', 11, 1, 1),
(9573, 80, '2024-09-01', '08:10:00', '19:55:00', 11, 1, 1),
(9574, 80, '2024-09-02', '08:09:00', '18:46:00', 11, 1, 1),
(9575, 80, '2024-09-03', '08:24:00', '18:56:00', 11, 1, 1),
(9576, 80, '2024-09-04', '07:56:00', '18:48:00', 11, 1, 1),
(9577, 80, '2024-09-05', '08:22:00', '17:24:00', 11, 1, 1),
(9578, 80, '2024-09-06', '08:22:00', '17:42:00', 11, 1, 1),
(9579, 80, '2024-09-07', '07:40:00', '17:23:00', 11, 1, 1),
(9580, 80, '2024-09-15', '07:59:00', '17:18:00', 11, 1, 1),
(9581, 80, '2024-09-16', '07:53:00', '17:15:00', 11, 1, 1),
(9582, 80, '2024-09-17', '07:55:00', '17:25:00', 11, 1, 1),
(9583, 80, '2024-09-18', '08:23:00', '17:36:00', 11, 1, 1),
(9584, 80, '2024-09-19', '08:05:00', '19:07:00', 11, 1, 1),
(9585, 80, '2024-09-24', '07:49:00', '18:03:00', 11, 1, 1),
(9586, 80, '2024-09-25', '07:50:00', NULL, 11, 1, NULL),
(9587, 6, '2024-08-26', '07:59:00', '17:59:00', 12, 1, 1),
(9588, 6, '2024-08-27', '08:10:00', '18:01:00', 12, 1, 1),
(9589, 6, '2024-08-28', '07:53:00', '18:48:00', 12, 1, 1),
(9590, 6, '2024-08-29', '07:55:00', '18:24:00', 12, 1, 1),
(9591, 6, '2024-08-30', '08:05:00', '18:26:00', 12, 1, 1),
(9592, 6, '2024-08-31', '07:54:00', '18:24:00', 12, 1, 1),
(9593, 6, '2024-09-01', '08:10:00', '19:55:00', 12, 1, 1),
(9594, 6, '2024-09-02', '08:09:00', '18:46:00', 12, 1, 1),
(9595, 6, '2024-09-03', '08:24:00', '18:59:00', 12, 1, 1),
(9596, 6, '2024-09-04', '07:56:00', '18:48:00', 12, 1, 1),
(9597, 6, '2024-09-05', '08:22:00', '17:23:00', 12, 1, 1),
(9598, 6, '2024-09-06', '08:22:00', '17:42:00', 12, 1, 1),
(9599, 6, '2024-09-08', '07:54:00', '14:10:00', 12, 1, 1),
(9600, 6, '2024-09-09', '07:50:00', NULL, 12, 1, NULL),
(9601, 6, '2024-09-10', '07:48:00', '18:18:00', 12, 1, 1),
(9602, 6, '2024-09-11', '07:55:00', '17:37:00', 12, 1, 1),
(9603, 6, '2024-09-14', '08:00:00', '16:51:00', 12, 1, 1),
(9604, 6, '2024-09-15', '07:59:00', '17:13:00', 12, 1, 1),
(9605, 6, '2024-09-16', '07:53:00', '17:12:00', 12, 1, 1),
(9606, 6, '2024-09-17', '07:55:00', '17:26:00', 12, 1, 1),
(9607, 6, '2024-09-18', '07:58:00', '17:36:00', 12, 1, 1),
(9608, 6, '2024-09-19', '08:05:00', '19:07:00', 12, 1, 1),
(9609, 6, '2024-09-24', '07:48:00', '18:03:00', 12, 1, 1),
(9610, 6, '2024-09-25', '07:50:00', '18:33:00', 12, 1, 1),
(9611, 82, '2024-08-26', '08:13:00', '17:31:00', 21, 1, 1),
(9612, 82, '2024-08-27', '08:00:00', '17:28:00', 21, 1, 1),
(9613, 82, '2024-08-28', '08:18:00', '17:26:00', 21, 1, 1),
(9614, 82, '2024-08-29', '08:03:00', '17:27:00', 21, 1, 1),
(9615, 82, '2024-08-30', '08:16:00', '17:27:00', 21, 1, 1),
(9616, 82, '2024-08-31', '08:08:00', '13:54:00', 21, 1, 1),
(9617, 82, '2024-09-02', '08:12:00', NULL, 21, 1, NULL),
(9618, 82, '2024-09-03', '08:32:00', '17:26:00', 21, 1, 1),
(9619, 82, '2024-09-04', '08:18:00', '17:22:00', 21, 1, 1),
(9620, 82, '2024-09-05', '08:09:00', '17:54:00', 21, 1, 1),
(9621, 82, '2024-09-06', '08:19:00', '17:28:00', 21, 1, 1),
(9622, 82, '2024-09-07', '07:57:00', '13:23:00', 21, 1, 1),
(9623, 82, '2024-09-09', '08:10:00', '17:26:00', 21, 1, 1),
(9624, 82, '2024-09-10', '08:15:00', '17:18:00', 21, 1, 1),
(9625, 82, '2024-09-11', '08:13:00', '17:16:00', 21, 1, 1),
(9626, 82, '2024-09-12', '08:04:00', '17:28:00', 21, 1, 1),
(9627, 82, '2024-09-13', '08:22:00', '17:27:00', 21, 1, 1),
(9628, 82, '2024-09-14', '08:04:00', '14:05:00', 21, 1, 1),
(9629, 82, '2024-09-18', '08:10:00', '17:28:00', 21, 1, 1),
(9630, 82, '2024-09-19', '08:07:00', '17:52:00', 21, 1, 1),
(9631, 82, '2024-09-20', '08:07:00', '17:26:00', 21, 1, 1),
(9632, 82, '2024-09-23', '08:09:00', '17:15:00', 21, 1, 1),
(9633, 82, '2024-09-24', '08:10:00', '17:24:00', 21, 1, 1),
(9634, 82, '2024-09-25', '08:08:00', '17:38:00', 21, 1, 1),
(9635, 90, '2024-08-26', '07:30:00', '18:22:00', 4, 1, 1),
(9636, 90, '2024-08-27', '07:41:00', '18:05:00', 4, 1, 1),
(9637, 90, '2024-08-28', '07:39:00', '16:01:00', 4, 1, 1),
(9638, 90, '2024-08-29', '07:34:00', '18:10:00', 4, 1, 1),
(9639, 90, '2024-08-30', '07:35:00', '17:43:00', 4, 1, 1),
(9640, 90, '2024-08-31', '08:01:00', '15:37:00', 4, 1, 1),
(9641, 90, '2024-09-02', '07:38:00', '17:59:00', 4, 1, 1),
(9642, 90, '2024-09-03', '07:43:00', '18:14:00', 4, 1, 1),
(9643, 90, '2024-09-04', '07:50:00', '18:48:00', 4, 1, 1),
(9644, 90, '2024-09-05', '07:54:00', '17:08:00', 4, 1, 1),
(9645, 90, '2024-09-06', '07:40:00', '18:30:00', 4, 1, 1),
(9646, 90, '2024-09-08', '08:37:00', '15:03:00', 4, 1, 1),
(9647, 90, '2024-09-09', '07:50:00', '18:29:00', 4, 1, 1),
(9648, 90, '2024-09-10', '08:00:00', '15:30:00', 4, 1, 1),
(9649, 90, '2024-09-11', '07:51:00', '17:52:00', 4, 1, 1),
(9650, 90, '2024-09-12', '07:55:00', '18:20:00', 4, 1, 1),
(9651, 90, '2024-09-16', '10:25:00', '17:06:00', 4, 1, 1),
(9652, 90, '2024-09-18', '07:45:00', '19:19:00', 4, 1, 1),
(9653, 90, '2024-09-19', '07:48:00', '18:11:00', 4, 1, 1),
(9654, 90, '2024-09-20', '07:39:00', '17:30:00', 4, 1, 1),
(9655, 90, '2024-09-23', '07:53:00', '17:13:00', 4, 1, 1),
(9656, 90, '2024-09-24', '07:57:00', '18:50:00', 4, 1, 1),
(9657, 90, '2024-09-25', '07:53:00', '18:43:00', 4, 1, 1),
(9658, 94, '2024-08-26', '08:33:00', '17:39:00', 5, 1, 1),
(9659, 94, '2024-08-27', '08:15:00', '17:11:00', 5, 1, 1),
(9660, 94, '2024-08-28', '08:24:00', '17:01:00', 5, 1, 1),
(9661, 94, '2024-08-29', '08:53:00', '13:20:00', 5, 1, 1),
(9662, 94, '2024-08-31', '08:38:00', NULL, 5, 1, NULL),
(9663, 94, '2024-09-02', '08:35:00', '17:42:00', 5, 1, 1),
(9664, 94, '2024-09-03', '08:48:00', '17:38:00', 5, 1, 1),
(9665, 94, '2024-09-04', '08:24:00', '17:25:00', 5, 1, 1),
(9666, 94, '2024-09-05', '08:19:00', '17:20:00', 5, 1, 1),
(9667, 94, '2024-09-06', '08:37:00', '17:26:00', 5, 1, 1),
(9668, 94, '2024-09-07', NULL, '14:25:00', 5, NULL, 1),
(9669, 94, '2024-09-09', '08:40:00', '17:40:00', 5, 1, 1),
(9670, 94, '2024-09-10', '08:34:00', '17:01:00', 5, 1, 1),
(9671, 94, '2024-09-11', '09:34:00', '17:00:00', 5, 1, 1),
(9672, 94, '2024-09-12', '08:42:00', '18:06:00', 5, 1, 1),
(9673, 94, '2024-09-13', '08:14:00', '17:37:00', 5, 1, 1),
(9674, 94, '2024-09-18', '08:13:00', '17:31:00', 5, 1, 1),
(9675, 94, '2024-09-19', '08:19:00', '18:02:00', 5, 1, 1),
(9676, 94, '2024-09-20', '08:32:00', '17:36:00', 5, 1, 1),
(9677, 94, '2024-09-23', '08:23:00', NULL, 5, 1, NULL),
(9678, 94, '2024-09-24', '08:08:00', '17:02:00', 5, 1, 1),
(9679, 94, '2024-09-25', '08:15:00', '17:04:00', 5, 1, 1),
(9680, 95, '2024-08-26', '08:08:00', '18:22:00', 3, 1, 1),
(9681, 95, '2024-08-27', '08:07:00', '18:04:00', 3, 1, 1),
(9682, 95, '2024-08-28', '08:01:00', '17:53:00', 3, 1, 1),
(9683, 95, '2024-08-29', '08:04:00', '18:10:00', 3, 1, 1),
(9684, 95, '2024-08-30', '08:08:00', '17:43:00', 3, 1, 1),
(9685, 95, '2024-08-31', '08:01:00', '15:37:00', 3, 1, 1),
(9686, 95, '2024-09-01', NULL, '19:55:00', 3, NULL, 1),
(9687, 95, '2024-09-02', '08:06:00', '17:59:00', 3, 1, 1),
(9688, 95, '2024-09-03', '08:29:00', '18:15:00', 3, 1, 1),
(9689, 95, '2024-09-04', '08:28:00', '18:49:00', 3, 1, 1),
(9690, 95, '2024-09-05', '08:23:00', '17:08:00', 3, 1, 1),
(9691, 95, '2024-09-06', '08:05:00', '18:31:00', 3, 1, 1),
(9692, 95, '2024-09-07', '08:02:00', '17:23:00', 3, 1, 1),
(9693, 95, '2024-09-09', '08:19:00', '18:28:00', 3, 1, 1),
(9694, 95, '2024-09-10', '08:17:00', '17:40:00', 3, 1, 1),
(9695, 95, '2024-09-11', '08:24:00', '17:52:00', 3, 1, 1),
(9696, 95, '2024-09-12', '08:12:00', '18:20:00', 3, 1, 1),
(9697, 95, '2024-09-13', '08:11:00', '18:03:00', 3, 1, 1),
(9698, 95, '2024-09-14', '07:56:00', '15:50:00', 3, 1, 1),
(9699, 95, '2024-09-16', '10:19:00', '17:06:00', 3, 1, 1),
(9700, 95, '2024-09-17', '09:13:00', '17:26:00', 3, 1, 1),
(9701, 95, '2024-09-18', '08:13:00', '19:19:00', 3, 1, 1),
(9702, 95, '2024-09-19', '08:05:00', '19:08:00', 3, 1, 1),
(9703, 95, '2024-09-20', '08:13:00', '17:30:00', 3, 1, 1),
(9704, 95, '2024-09-23', '08:03:00', '17:13:00', 3, 1, 1),
(9705, 95, '2024-09-24', '08:23:00', '17:40:00', 3, 1, 1),
(9706, 95, '2024-09-25', '08:12:00', '18:42:00', 3, 1, 1),
(9707, 96, '2024-08-26', '08:14:00', '18:22:00', 6, 1, 1),
(9708, 96, '2024-08-28', '08:07:00', '17:53:00', 6, 1, 1),
(9709, 96, '2024-08-29', '08:20:00', '18:58:00', 6, 1, 1),
(9710, 96, '2024-08-30', '08:15:00', NULL, 6, 1, NULL),
(9711, 96, '2024-08-31', '09:37:00', '17:43:00', 6, 1, 1),
(9712, 96, '2024-09-01', '09:27:00', '13:29:00', 6, 1, 1),
(9713, 96, '2024-09-24', '08:14:00', '17:40:00', 6, 1, 1),
(9714, 96, '2024-09-25', '08:19:00', '18:45:00', 6, 1, 1),
(9715, 102, '2024-08-26', '08:08:00', '17:56:00', 9, 1, 1),
(9716, 102, '2024-08-27', '08:32:00', '17:32:00', 9, 1, 1),
(9717, 102, '2024-08-28', '08:28:00', '17:56:00', 9, 1, 1),
(9718, 102, '2024-08-29', '08:28:00', '17:44:00', 9, 1, 1),
(9719, 102, '2024-08-30', '08:26:00', '18:21:00', 9, 1, 1),
(9720, 102, '2024-08-31', '08:21:00', '15:59:00', 9, 1, 1),
(9721, 102, '2024-09-02', '08:21:00', '18:03:00', 9, 1, 1),
(9722, 102, '2024-09-03', '09:22:00', '18:01:00', 9, 1, 1),
(9723, 102, '2024-09-04', '08:20:00', '18:15:00', 9, 1, 1),
(9724, 102, '2024-09-05', '08:06:00', '17:19:00', 9, 1, 1),
(9725, 102, '2024-09-06', '08:30:00', '17:30:00', 9, 1, 1),
(9726, 102, '2024-09-08', '08:29:00', '13:46:00', 9, 1, 1),
(9727, 102, '2024-09-09', '08:14:00', '18:08:00', 9, 1, 1),
(9728, 102, '2024-09-10', '08:20:00', '15:37:00', 9, 1, 1),
(9729, 102, '2024-09-11', '08:26:00', '17:15:00', 9, 1, 1),
(9730, 102, '2024-09-14', '08:40:00', '15:39:00', 9, 1, 1),
(9731, 102, '2024-09-15', '08:21:00', '17:12:00', 9, 1, 1),
(9732, 102, '2024-09-16', '08:45:00', '17:06:00', 9, 1, 1),
(9733, 102, '2024-09-17', '08:35:00', '17:07:00', 9, 1, 1),
(9734, 102, '2024-09-18', '08:13:00', '17:29:00', 9, 1, 1),
(9735, 102, '2024-09-24', '08:25:00', '17:51:00', 9, 1, 1),
(9736, 102, '2024-09-25', '08:17:00', '18:06:00', 9, 1, 1),
(9737, 103, '2024-08-27', '07:56:00', '17:20:00', 20, 1, 1),
(9738, 103, '2024-08-28', '07:27:00', '17:21:00', 20, 1, 1),
(9739, 103, '2024-08-29', '07:24:00', '17:21:00', 20, 1, 1),
(9740, 103, '2024-08-30', '07:24:00', '17:21:00', 20, 1, 1),
(9741, 103, '2024-08-31', '07:26:00', '13:28:00', 20, 1, 1),
(9742, 103, '2024-09-02', '07:53:00', '17:25:00', 20, 1, 1),
(9743, 103, '2024-09-03', '07:38:00', '17:25:00', 20, 1, 1),
(9744, 103, '2024-09-04', '07:31:00', '17:25:00', 20, 1, 1),
(9745, 103, '2024-09-05', '07:38:00', '17:25:00', 20, 1, 1),
(9746, 103, '2024-09-06', '07:34:00', NULL, 20, 1, NULL),
(9747, 103, '2024-09-07', '07:50:00', '13:21:00', 20, 1, 1),
(9748, 103, '2024-09-09', '07:33:00', '17:25:00', 20, 1, 1),
(9749, 103, '2024-09-10', '07:29:00', '17:17:00', 20, 1, 1),
(9750, 103, '2024-09-11', '07:28:00', '17:16:00', 20, 1, 1),
(9751, 103, '2024-09-12', '07:28:00', '17:22:00', 20, 1, 1),
(9752, 103, '2024-09-13', '07:22:00', '17:24:00', 20, 1, 1),
(9753, 103, '2024-09-14', '07:36:00', '13:23:00', 20, 1, 1),
(9754, 103, '2024-09-18', '07:30:00', '17:22:00', 20, 1, 1),
(9755, 103, '2024-09-19', '07:23:00', '17:22:00', 20, 1, 1),
(9756, 103, '2024-09-20', '07:17:00', '17:21:00', 20, 1, 1),
(9757, 103, '2024-09-23', '07:52:00', '17:18:00', 20, 1, 1),
(9758, 103, '2024-09-24', '07:30:00', '17:17:00', 20, 1, 1),
(9759, 111, '2024-08-26', '08:11:00', '17:26:00', 26, 1, 1),
(9760, 111, '2024-08-27', '08:24:00', '17:20:00', 26, 1, 1),
(9761, 111, '2024-08-28', '08:09:00', '17:24:00', 26, 1, 1),
(9762, 111, '2024-08-29', '08:11:00', '17:24:00', 26, 1, 1),
(9763, 111, '2024-09-02', '08:42:00', '17:32:00', 26, 1, 1),
(9764, 111, '2024-09-03', '08:18:00', '17:26:00', 26, 1, 1),
(9765, 111, '2024-09-04', '09:16:00', '17:20:00', 26, 1, 1),
(9766, 111, '2024-09-05', '08:23:00', '17:24:00', 26, 1, 1),
(9767, 111, '2024-09-06', '08:22:00', '17:24:00', 26, 1, 1),
(9768, 111, '2024-09-07', '08:03:00', '13:16:00', 26, 1, 1),
(9769, 111, '2024-09-09', '08:15:00', '17:09:00', 26, 1, 1),
(9770, 111, '2024-09-10', '08:31:00', '17:17:00', 26, 1, 1),
(9771, 111, '2024-09-11', '08:10:00', '17:37:00', 26, 1, 1),
(9772, 111, '2024-09-18', '08:12:00', '17:27:00', 26, 1, 1),
(9773, 111, '2024-09-19', '08:15:00', '17:28:00', 26, 1, 1),
(9774, 111, '2024-09-20', '08:18:00', '17:25:00', 26, 1, 1),
(9775, 111, '2024-09-23', '08:17:00', '17:17:00', 26, 1, 1),
(9776, 111, '2024-09-24', NULL, '17:22:00', 26, NULL, 1),
(9777, 111, '2024-09-25', '08:18:00', '17:17:00', 26, 1, 1),
(9778, 112, '2024-08-27', '08:08:00', '17:00:00', 2, 1, 1),
(9779, 113, '2024-08-26', '08:08:00', '17:56:00', 10, 1, 1),
(9780, 113, '2024-08-27', '08:32:00', '17:32:00', 10, 1, 1),
(9781, 113, '2024-08-28', '08:28:00', NULL, 10, 1, NULL),
(9782, 113, '2024-09-04', '08:20:00', '18:15:00', 10, 1, 1),
(9783, 113, '2024-09-05', '08:06:00', '17:19:00', 10, 1, 1),
(9784, 113, '2024-09-06', '08:30:00', '17:30:00', 10, 1, 1),
(9785, 113, '2024-09-07', '08:39:00', '14:57:00', 10, 1, 1),
(9786, 113, '2024-09-08', '08:29:00', '13:46:00', 10, 1, 1),
(9787, 113, '2024-09-09', '08:13:00', '18:08:00', 10, 1, 1),
(9788, 113, '2024-09-10', '08:32:00', '15:37:00', 10, 1, 1),
(9789, 113, '2024-09-11', '08:26:00', '17:15:00', 10, 1, 1),
(9790, 113, '2024-09-14', '08:40:00', '15:37:00', 10, 1, 1),
(9791, 113, '2024-09-15', '08:21:00', '17:12:00', 10, 1, 1),
(9792, 113, '2024-09-16', '08:45:00', '17:06:00', 10, 1, 1),
(9793, 113, '2024-09-17', '08:35:00', '17:07:00', 10, 1, 1),
(9794, 113, '2024-09-18', '08:14:00', '17:29:00', 10, 1, 1),
(9795, 113, '2024-09-19', '08:12:00', '17:52:00', 10, 1, 1),
(9796, 113, '2024-09-24', '08:25:00', '17:52:00', 10, 1, 1),
(9797, 113, '2024-09-25', '08:17:00', '18:06:00', 10, 1, 1),
(9798, 114, '2024-08-26', '08:02:00', '17:37:00', 7, 1, 1),
(9799, 114, '2024-08-27', '08:04:00', '17:27:00', 7, 1, 1),
(9800, 114, '2024-08-28', '07:59:00', '17:33:00', 7, 1, 1),
(9801, 114, '2024-08-29', '08:04:00', '17:36:00', 7, 1, 1),
(9802, 114, '2024-08-30', '08:18:00', '17:43:00', 7, 1, 1),
(9803, 114, '2024-08-31', '08:34:00', '15:30:00', 7, 1, 1),
(9804, 114, '2024-09-02', '07:58:00', '17:51:00', 7, 1, 1),
(9805, 114, '2024-09-03', '08:26:00', '17:34:00', 7, 1, 1),
(9806, 114, '2024-09-04', '08:14:00', '17:55:00', 7, 1, 1),
(9807, 114, '2024-09-06', '08:09:00', '17:31:00', 7, 1, 1),
(9808, 114, '2024-09-07', '08:13:00', '14:15:00', 7, 1, 1),
(9809, 114, '2024-09-09', '08:24:00', '17:40:00', 7, 1, 1),
(9810, 114, '2024-09-10', '07:53:00', '17:29:00', 7, 1, 1),
(9811, 114, '2024-09-11', '08:16:00', '17:18:00', 7, 1, 1),
(9812, 114, '2024-09-12', '08:05:00', '17:39:00', 7, 1, 1),
(9813, 114, '2024-09-13', '08:23:00', '17:44:00', 7, 1, 1),
(9814, 114, '2024-09-14', '08:04:00', '15:42:00', 7, 1, 1),
(9815, 114, '2024-09-15', '08:29:00', '14:19:00', 7, 1, 1),
(9816, 114, '2024-09-16', '08:50:00', '17:04:00', 7, 1, 1),
(9817, 114, '2024-09-17', '08:49:00', '16:58:00', 7, 1, 1),
(9818, 114, '2024-09-18', '08:05:00', '17:31:00', 7, 1, 1),
(9819, 114, '2024-09-19', '08:11:00', '18:05:00', 7, 1, 1),
(9820, 114, '2024-09-24', '08:49:00', '17:40:00', 7, 1, 1),
(9821, 114, '2024-09-25', '08:11:00', '18:17:00', 7, 1, 1);

-- --------------------------------------------------------

--
-- Table structure for table `emp_documents`
--

CREATE TABLE `emp_documents` (
  `EMPD_id` int(11) NOT NULL,
  `E_id` int(11) NOT NULL,
  `DocumentName` varchar(256) NOT NULL,
  `DocumentPath` text NOT NULL
) ENGINE=InnoDB DEFAULT CHARSET=utf8mb4 COLLATE=utf8mb4_general_ci;

-- --------------------------------------------------------

--
-- Table structure for table `e_family_member`
--

CREATE TABLE `e_family_member` (
  `Efm_id` int(11) NOT NULL,
  `E_id` int(11) NOT NULL,
  `FM_Name` varchar(256) NOT NULL,
  `FM_Relationship` varchar(256) NOT NULL,
  `FM_Age` varchar(50) NOT NULL,
  `FM_Occupation` varchar(256) NOT NULL
) ENGINE=InnoDB DEFAULT CHARSET=utf8mb4 COLLATE=utf8mb4_general_ci;

-- --------------------------------------------------------

--
-- Table structure for table `family_member`
--

CREATE TABLE `family_member` (
  `FM_id` int(11) NOT NULL,
  `E_id` int(11) NOT NULL,
  `FM1_Name` varchar(256) NOT NULL,
  `FM1_Relationship` varchar(256) NOT NULL,
  `FM1_Age` varchar(50) NOT NULL,
  `FM1_Ocupation` varchar(256) NOT NULL,
  `FM2_Name` varchar(256) NOT NULL,
  `FM2_Relationship` varchar(256) NOT NULL,
  `FM2_Age` varchar(50) NOT NULL,
  `FM2_Ocupation` varchar(256) NOT NULL,
  `FM3_Name` varchar(256) NOT NULL,
  `FM3_Relationship` varchar(256) NOT NULL,
  `FM3_Age` varchar(50) NOT NULL,
  `FM3_Ocupation` varchar(256) NOT NULL,
  `FM4_Name` varchar(256) NOT NULL,
  `FM4_Relationship` varchar(256) NOT NULL,
  `FM4_Age` varchar(50) NOT NULL,
  `FM4_Ocupation` varchar(256) NOT NULL,
  `FM5_Name` varchar(256) NOT NULL,
  `FM5_Relationship` varchar(256) NOT NULL,
  `FM5_Age` varchar(50) NOT NULL,
  `FM5_Ocupation` varchar(256) NOT NULL
) ENGINE=InnoDB DEFAULT CHARSET=utf8mb4 COLLATE=utf8mb4_general_ci;

-- --------------------------------------------------------

--
-- Table structure for table `location`
--

CREATE TABLE `location` (
  `location_id` int(11) NOT NULL,
  `location_name` varchar(256) DEFAULT NULL,
  `act_status` tinyint(2) DEFAULT NULL
) ENGINE=InnoDB DEFAULT CHARSET=utf8mb4 COLLATE=utf8mb4_general_ci;

--
-- Dumping data for table `location`
--

INSERT INTO `location` (`location_id`, `location_name`, `act_status`) VALUES
(1, 'Bambalapitiya', 1);

-- --------------------------------------------------------

--
-- Table structure for table `login_logs`
--

CREATE TABLE `login_logs` (
  `log_id` int(11) NOT NULL,
  `U_id` int(11) NOT NULL,
  `U_Email` varchar(256) NOT NULL,
  `login_time` datetime NOT NULL,
  `login_ip` varchar(45) NOT NULL,
  `login_browser` text NOT NULL,
  `login_device` varchar(256) NOT NULL,
  `login_os` varchar(256) NOT NULL,
  `login_isp` varchar(256) NOT NULL
) ENGINE=InnoDB DEFAULT CHARSET=utf8mb4 COLLATE=utf8mb4_general_ci;

--
-- Dumping data for table `login_logs`
--

INSERT INTO `login_logs` (`log_id`, `U_id`, `U_Email`, `login_time`, `login_ip`, `login_browser`, `login_device`, `login_os`, `login_isp`) VALUES
(1, 1, '', '2024-03-08 12:30:50', '112.135.204.246', 'Mozilla/5.0 (Windows NT 10.0; Win64; x64) AppleWebKit/537.36 (KHTML, like Gecko) Chrome/122.0.0.0 Safari/537.36', 'PC', '', 'Unknown ISP'),
(2, 24, '', '2024-03-08 12:40:47', '112.135.204.246', 'Mozilla/5.0 (Windows NT 10.0; Win64; x64) AppleWebKit/537.36 (KHTML, like Gecko) Chrome/122.0.0.0 Safari/537.36', 'PC', '', 'Unknown ISP'),
(3, 1, '', '2024-03-08 12:45:07', '2402:4000:1203:ab3b:1:0:cf0:6436', 'Mozilla/5.0 (Linux; Android 12; M2004J19C) AppleWebKit/537.36 (KHTML, like Gecko) Chrome/109.0.0.0 Mobile Safari/537.36', 'Mobile', '', 'Unknown ISP'),
(4, 1, '', '2024-03-08 12:45:22', '112.135.204.246', 'Mozilla/5.0 (Linux; Android 10; K) AppleWebKit/537.36 (KHTML, like Gecko) Chrome/122.0.0.0 Mobile Safari/537.36', 'Mobile', '', 'Unknown ISP'),
(5, 1, '', '2024-03-08 12:50:24', '2402:4000:1203:ab3b:1:0:cf0:6436', 'Mozilla/5.0 (Linux; Android 12; M2004J19C) AppleWebKit/537.36 (KHTML, like Gecko) Chrome/109.0.0.0 Mobile Safari/537.36', 'Mobile', '', 'Unknown ISP'),
(6, 1, '', '2024-03-08 12:54:53', '2402:4000:1203:ab3b:1:0:cf0:6436', 'Mozilla/5.0 (Linux; Android 12; M2004J19C) AppleWebKit/537.36 (KHTML, like Gecko) Chrome/109.0.0.0 Mobile Safari/537.36', 'Mobile', '', 'Unknown ISP'),
(7, 1, '', '2024-03-08 12:55:10', '2402:4000:1203:ab3b:1:0:cf0:6436', 'Mozilla/5.0 (Linux; Android 12; M2004J19C) AppleWebKit/537.36 (KHTML, like Gecko) Chrome/109.0.0.0 Mobile Safari/537.36', 'Mobile', '', 'Unknown ISP'),
(8, 32, '', '2024-03-08 12:55:26', '2402:4000:1203:ab3b:1:0:cf0:6436', 'Mozilla/5.0 (Linux; Android 12; M2004J19C) AppleWebKit/537.36 (KHTML, like Gecko) Chrome/109.0.0.0 Mobile Safari/537.36', 'Mobile', '', 'Unknown ISP'),
(9, 37, '', '2024-03-08 14:08:11', '2a00:23c8:478c:401:b1f4:820b:c271:ac46', 'Mozilla/5.0 (iPhone; CPU iPhone OS 17_3_1 like Mac OS X) AppleWebKit/605.1.15 (KHTML, like Gecko) Version/17.3.1 Mobile/15E148 Safari/604.1', 'Mobile', '', 'Unknown ISP'),
(10, 1, '', '2024-03-09 09:42:21', '112.135.204.246', 'Mozilla/5.0 (Windows NT 10.0; Win64; x64) AppleWebKit/537.36 (KHTML, like Gecko) Chrome/122.0.0.0 Safari/537.36', 'PC', '', 'Unknown ISP'),
(11, 1, '', '2024-03-09 09:44:29', '112.135.204.246', 'Mozilla/5.0 (Windows NT 10.0; Win64; x64) AppleWebKit/537.36 (KHTML, like Gecko) Chrome/109.0.0.0 Safari/537.36', 'PC', '', 'Unknown ISP'),
(12, 1, '', '2024-03-10 11:07:18', '2402:4000:11c5:c4b8:3410:b488:1c4a:4f81', 'Mozilla/5.0 (Linux; Android 10; K) AppleWebKit/537.36 (KHTML, like Gecko) Chrome/122.0.0.0 Mobile Safari/537.36', 'Mobile', '', 'Unknown ISP'),
(13, 1, '', '2024-03-10 11:07:19', '2402:4000:11c5:c4b8:3410:b488:1c4a:4f81', 'Mozilla/5.0 (Linux; Android 10; K) AppleWebKit/537.36 (KHTML, like Gecko) Chrome/122.0.0.0 Mobile Safari/537.36', 'Mobile', '', 'Unknown ISP'),
(14, 1, '', '2024-03-10 12:57:16', '2402:4000:11c5:c4b8:3410:b488:1c4a:4f81', 'Mozilla/5.0 (Linux; Android 10; K) AppleWebKit/537.36 (KHTML, like Gecko) Chrome/122.0.0.0 Mobile Safari/537.36', 'Mobile', '', 'Unknown ISP'),
(15, 1, '', '2024-03-10 12:57:17', '2402:4000:11c5:c4b8:3410:b488:1c4a:4f81', 'Mozilla/5.0 (Linux; Android 10; K) AppleWebKit/537.36 (KHTML, like Gecko) Chrome/122.0.0.0 Mobile Safari/537.36', 'Mobile', '', 'Unknown ISP'),
(16, 1, '', '2024-03-13 11:31:17', '2402:4000:1246:b108:90a2:d6a6:c860:5d1a', 'Mozilla/5.0 (Linux; Android 10; K) AppleWebKit/537.36 (KHTML, like Gecko) Chrome/122.0.0.0 Mobile Safari/537.36', 'Mobile', '', 'Unknown ISP'),
(17, 1, '', '2024-03-13 11:31:18', '2402:4000:1246:b108:90a2:d6a6:c860:5d1a', 'Mozilla/5.0 (Linux; Android 10; K) AppleWebKit/537.36 (KHTML, like Gecko) Chrome/122.0.0.0 Mobile Safari/537.36', 'Mobile', '', 'Unknown ISP'),
(18, 38, '', '2024-03-13 11:33:00', '112.135.176.74', 'Mozilla/5.0 (Windows NT 10.0; Win64; x64) AppleWebKit/537.36 (KHTML, like Gecko) Chrome/109.0.0.0 Safari/537.36', 'PC', '', 'Unknown ISP'),
(19, 38, '', '2024-03-13 11:33:02', '112.135.176.74', 'Mozilla/5.0 (Windows NT 10.0; Win64; x64) AppleWebKit/537.36 (KHTML, like Gecko) Chrome/109.0.0.0 Safari/537.36', 'PC', '', 'Unknown ISP'),
(20, 32, '', '2024-03-13 12:39:47', '112.135.204.246', 'Mozilla/5.0 (Windows NT 10.0; Win64; x64) AppleWebKit/537.36 (KHTML, like Gecko) Chrome/122.0.0.0 Safari/537.36', 'PC', '', 'Unknown ISP'),
(21, 1, '', '2024-03-21 09:52:53', '112.135.202.225', 'Mozilla/5.0 (Windows NT 10.0; Win64; x64) AppleWebKit/537.36 (KHTML, like Gecko) Chrome/123.0.0.0 Safari/537.36', 'PC', '', 'Unknown ISP'),
(22, 32, '', '2024-03-21 10:29:28', '112.135.202.225', 'Mozilla/5.0 (Windows NT 10.0; Win64; x64) AppleWebKit/537.36 (KHTML, like Gecko) Chrome/122.0.0.0 Safari/537.36', 'PC', '', 'Unknown ISP'),
(23, 1, '', '2024-03-21 10:30:05', '112.135.202.225', 'Mozilla/5.0 (Windows NT 10.0; Win64; x64) AppleWebKit/537.36 (KHTML, like Gecko) Chrome/122.0.0.0 Safari/537.36', 'PC', '', 'Unknown ISP'),
(24, 38, '', '2024-03-21 10:31:06', '112.135.202.225', 'Mozilla/5.0 (Windows NT 10.0; Win64; x64) AppleWebKit/537.36 (KHTML, like Gecko) Chrome/122.0.0.0 Safari/537.36', 'PC', '', 'Unknown ISP'),
(25, 1, '', '2024-03-21 10:31:17', '112.135.202.225', 'Mozilla/5.0 (Windows NT 10.0; Win64; x64) AppleWebKit/537.36 (KHTML, like Gecko) Chrome/122.0.0.0 Safari/537.36', 'PC', '', 'Unknown ISP'),
(26, 39, '', '2024-03-21 10:32:26', '112.135.202.225', 'Mozilla/5.0 (Windows NT 10.0; Win64; x64) AppleWebKit/537.36 (KHTML, like Gecko) Chrome/122.0.0.0 Safari/537.36', 'PC', '', 'Unknown ISP'),
(27, 24, '', '2024-03-22 09:05:10', '112.135.202.225', 'Mozilla/5.0 (Windows NT 10.0; Win64; x64) AppleWebKit/537.36 (KHTML, like Gecko) Chrome/122.0.0.0 Safari/537.36', 'PC', '', 'Unknown ISP'),
(28, 1, '', '2024-04-01 09:44:14', '112.135.202.225', 'Mozilla/5.0 (Windows NT 10.0; Win64; x64) AppleWebKit/537.36 (KHTML, like Gecko) Chrome/123.0.0.0 Safari/537.36', 'PC', '', 'Unknown ISP'),
(29, 1, '', '2024-04-01 09:48:23', '112.135.202.225', 'Mozilla/5.0 (Windows NT 10.0; Win64; x64) AppleWebKit/537.36 (KHTML, like Gecko) Chrome/123.0.0.0 Safari/537.36', 'PC', '', 'Unknown ISP'),
(30, 38, '', '2024-04-01 11:34:18', '112.135.199.147', 'Mozilla/5.0 (Windows NT 10.0; Win64; x64) AppleWebKit/537.36 (KHTML, like Gecko) Chrome/109.0.0.0 Safari/537.36', 'PC', '', 'Unknown ISP'),
(31, 1, '', '2024-04-01 12:57:30', '112.135.202.225', 'Mozilla/5.0 (Windows NT 10.0; Win64; x64) AppleWebKit/537.36 (KHTML, like Gecko) Chrome/123.0.0.0 Safari/537.36', 'PC', '', 'Unknown ISP'),
(32, 38, '', '2024-04-01 13:06:38', '112.135.202.225', 'Mozilla/5.0 (Windows NT 10.0; Win64; x64) AppleWebKit/537.36 (KHTML, like Gecko) Chrome/123.0.0.0 Safari/537.36', 'PC', '', 'Unknown ISP'),
(33, 1, '', '2024-04-01 13:34:45', '112.135.202.225', 'Mozilla/5.0 (Windows NT 10.0; Win64; x64) AppleWebKit/537.36 (KHTML, like Gecko) Chrome/123.0.0.0 Safari/537.36', 'PC', '', 'Unknown ISP'),
(34, 1, '', '2024-04-01 14:34:30', '112.135.202.225', 'Mozilla/5.0 (Windows NT 10.0; Win64; x64) AppleWebKit/537.36 (KHTML, like Gecko) Chrome/109.0.0.0 Safari/537.36', 'PC', '', 'Unknown ISP'),
(35, 1, '', '2024-04-01 16:09:17', '112.135.202.225', 'Mozilla/5.0 (Windows NT 10.0; Win64; x64) AppleWebKit/537.36 (KHTML, like Gecko) Chrome/123.0.0.0 Safari/537.36', 'PC', '', 'Unknown ISP'),
(36, 1, '', '2024-04-22 10:33:59', '2402:4000:b198:99ed:2984:3773:73ff:e81c', 'Mozilla/5.0 (Linux; Android 10; K) AppleWebKit/537.36 (KHTML, like Gecko) Chrome/123.0.0.0 Mobile Safari/537.36', 'Mobile', '', 'Unknown ISP'),
(37, 1, '', '2024-04-22 10:34:00', '2402:4000:b198:99ed:2984:3773:73ff:e81c', 'Mozilla/5.0 (Linux; Android 10; K) AppleWebKit/537.36 (KHTML, like Gecko) Chrome/123.0.0.0 Mobile Safari/537.36', 'Mobile', '', 'Unknown ISP'),
(38, 40, '', '2024-04-22 10:38:51', '112.135.202.45', 'Mozilla/5.0 (Windows NT 10.0; Win64; x64) AppleWebKit/537.36 (KHTML, like Gecko) Chrome/124.0.0.0 Safari/537.36', 'PC', '', 'Unknown ISP'),
(39, 1, '', '2024-07-04 09:08:04', '112.135.195.130', 'Mozilla/5.0 (Windows NT 10.0; Win64; x64; rv:127.0) Gecko/20100101 Firefox/127.0', 'PC', '', 'Unknown ISP'),
(40, 1, '', '2024-07-05 10:53:51', '112.135.195.130', 'Mozilla/5.0 (Windows NT 10.0; Win64; x64; rv:127.0) Gecko/20100101 Firefox/127.0', 'PC', '', 'Unknown ISP'),
(41, 1, '', '2024-07-08 15:43:24', '112.135.195.130', 'Mozilla/5.0 (Windows NT 10.0; Win64; x64; rv:127.0) Gecko/20100101 Firefox/127.0', 'PC', '', 'Unknown ISP'),
(42, 1, '', '2024-07-29 11:33:01', '112.135.221.17', 'Mozilla/5.0 (Windows NT 10.0; Win64; x64; rv:128.0) Gecko/20100101 Firefox/128.0', 'PC', '', 'Unknown ISP'),
(43, 38, '', '2024-08-02 10:22:05', '112.135.205.160', 'Mozilla/5.0 (Windows NT 10.0; Win64; x64) AppleWebKit/537.36 (KHTML, like Gecko) Chrome/109.0.0.0 Safari/537.36', 'PC', '', 'Unknown ISP'),
(44, 1, '', '2024-09-12 13:34:55', '112.135.182.138', 'Mozilla/5.0 (Windows NT 10.0; Win64; x64; rv:130.0) Gecko/20100101 Firefox/130.0', 'PC', '', 'Unknown ISP'),
(45, 1, '', '2024-09-18 11:27:09', '112.134.156.158', 'Mozilla/5.0 (Windows NT 10.0; Win64; x64) AppleWebKit/537.36 (KHTML, like Gecko) Chrome/128.0.0.0 Safari/537.36', 'PC', '', 'Unknown ISP'),
(46, 1, '', '2024-09-25 10:04:35', '112.135.182.138', 'Mozilla/5.0 (Windows NT 10.0; Win64; x64) AppleWebKit/537.36 (KHTML, like Gecko) Chrome/129.0.0.0 Safari/537.36', 'PC', '', 'Unknown ISP'),
(47, 1, '', '2024-09-25 10:45:20', '112.135.182.138', 'Mozilla/5.0 (Windows NT 10.0; Win64; x64; rv:130.0) Gecko/20100101 Firefox/130.0', 'PC', '', 'Unknown ISP'),
(48, 1, '', '2024-09-25 15:33:52', '45.121.91.49', 'Mozilla/5.0 (Windows NT 10.0; Win64; x64) AppleWebKit/537.36 (KHTML, like Gecko) Chrome/129.0.0.0 Safari/537.36', 'PC', '', 'Unknown ISP'),
(49, 1, '', '2024-09-26 14:31:05', '112.135.188.181', 'Mozilla/5.0 (Windows NT 10.0; Win64; x64; rv:130.0) Gecko/20100101 Firefox/130.0', 'PC', '', 'Unknown ISP'),
(50, 1, '', '2024-09-26 14:35:37', '112.135.188.181', 'Mozilla/5.0 (Windows NT 10.0; Win64; x64) AppleWebKit/537.36 (KHTML, like Gecko) Chrome/129.0.0.0 Safari/537.36', 'PC', '', 'Unknown ISP'),
(51, 1, '', '2024-09-27 09:46:16', '112.135.188.181', 'Mozilla/5.0 (Windows NT 10.0; Win64; x64) AppleWebKit/537.36 (KHTML, like Gecko) Chrome/129.0.0.0 Safari/537.36', 'PC', '', 'Unknown ISP'),
(52, 1, '', '2024-09-27 14:11:44', '112.135.188.181', 'Mozilla/5.0 (Windows NT 10.0; Win64; x64) AppleWebKit/537.36 (KHTML, like Gecko) Chrome/129.0.0.0 Safari/537.36', 'PC', '', 'Unknown ISP'),
(53, 1, '', '2024-09-28 06:11:52', '61.245.171.80', 'Mozilla/5.0 (Windows NT 10.0; Win64; x64) AppleWebKit/537.36 (KHTML, like Gecko) Chrome/129.0.0.0 Safari/537.36 Edg/129.0.0.0', 'PC', '', 'Unknown ISP'),
(54, 1, '', '2024-09-28 09:26:38', '112.135.188.181', 'Mozilla/5.0 (Windows NT 10.0; Win64; x64) AppleWebKit/537.36 (KHTML, like Gecko) Chrome/129.0.0.0 Safari/537.36', 'PC', '', 'Unknown ISP'),
(55, 1, '', '2024-09-28 12:12:14', '112.135.188.181', 'Mozilla/5.0 (Windows NT 10.0; Win64; x64; rv:130.0) Gecko/20100101 Firefox/130.0', 'PC', '', 'Unknown ISP'),
(56, 1, '', '2024-10-03 09:07:37', '112.135.220.11', 'Mozilla/5.0 (Windows NT 10.0; Win64; x64; rv:130.0) Gecko/20100101 Firefox/130.0', 'PC', '', 'Unknown ISP'),
(57, 1, '', '2024-10-03 09:14:18', '112.135.220.11', 'Mozilla/5.0 (Windows NT 10.0; Win64; x64) AppleWebKit/537.36 (KHTML, like Gecko) Chrome/129.0.0.0 Safari/537.36', 'PC', '', 'Unknown ISP'),
(58, 24, '', '2024-10-03 09:31:21', '112.135.220.11', 'Mozilla/5.0 (Windows NT 10.0; Win64; x64) AppleWebKit/537.36 (KHTML, like Gecko) Chrome/129.0.0.0 Safari/537.36', 'PC', '', 'Unknown ISP'),
(59, 1, '', '2024-10-03 09:31:28', '112.135.220.11', 'Mozilla/5.0 (Windows NT 10.0; Win64; x64) AppleWebKit/537.36 (KHTML, like Gecko) Chrome/129.0.0.0 Safari/537.36', 'PC', '', 'Unknown ISP'),
(60, 1, '', '2024-10-03 10:24:20', '::1', 'Mozilla/5.0 (Windows NT 10.0; Win64; x64) AppleWebKit/537.36 (KHTML, like Gecko) Chrome/129.0.0.0 Safari/537.36', 'PC', '', 'Unknown ISP'),
(61, 1, '', '2024-10-03 11:32:25', '::1', 'Mozilla/5.0 (Windows NT 10.0; Win64; x64) AppleWebKit/537.36 (KHTML, like Gecko) Chrome/129.0.0.0 Safari/537.36', 'PC', '', 'Unknown ISP'),
(62, 1, '', '2024-10-03 14:43:58', '::1', 'Mozilla/5.0 (Windows NT 10.0; Win64; x64) AppleWebKit/537.36 (KHTML, like Gecko) Chrome/129.0.0.0 Safari/537.36', 'PC', '', 'Unknown ISP'),
(63, 1, '', '2024-10-04 12:28:00', '::1', 'Mozilla/5.0 (Windows NT 10.0; Win64; x64) AppleWebKit/537.36 (KHTML, like Gecko) Chrome/129.0.0.0 Safari/537.36', 'PC', '', 'Unknown ISP'),
(64, 1, '', '2024-10-09 14:46:09', '::1', 'Mozilla/5.0 (Windows NT 10.0; Win64; x64) AppleWebKit/537.36 (KHTML, like Gecko) Chrome/129.0.0.0 Safari/537.36', 'PC', '', 'Unknown ISP'),
(65, 1, '', '2024-10-10 11:00:08', '::1', 'Mozilla/5.0 (Windows NT 10.0; Win64; x64) AppleWebKit/537.36 (KHTML, like Gecko) Chrome/129.0.0.0 Safari/537.36', 'PC', '', 'Unknown ISP'),
(66, 1, '', '2024-10-16 09:07:56', '::1', 'Mozilla/5.0 (Windows NT 10.0; Win64; x64) AppleWebKit/537.36 (KHTML, like Gecko) Chrome/129.0.0.0 Safari/537.36', 'PC', '', 'Unknown ISP'),
(67, 1, '', '2024-10-16 11:44:22', '::1', 'Mozilla/5.0 (Windows NT 10.0; Win64; x64) AppleWebKit/537.36 (KHTML, like Gecko) Chrome/129.0.0.0 Safari/537.36', 'PC', '', 'Unknown ISP'),
(68, 1, '', '2024-10-28 10:41:23', '::1', 'Mozilla/5.0 (Windows NT 10.0; Win64; x64) AppleWebKit/537.36 (KHTML, like Gecko) Chrome/130.0.0.0 Safari/537.36', 'PC', '', 'Unknown ISP'),
(69, 1, '', '2024-10-31 15:36:49', '::1', 'Mozilla/5.0 (Windows NT 10.0; Win64; x64) AppleWebKit/537.36 (KHTML, like Gecko) Chrome/130.0.0.0 Safari/537.36', 'PC', '', 'Unknown ISP');

-- --------------------------------------------------------

--
-- Table structure for table `site`
--

CREATE TABLE `site` (
  `site_ID` int(11) NOT NULL,
  `Site_Name` varchar(256) NOT NULL,
  `department` int(11) NOT NULL,
  `company` int(11) NOT NULL
) ENGINE=InnoDB DEFAULT CHARSET=utf8mb4 COLLATE=utf8mb4_general_ci;

-- --------------------------------------------------------

--
-- Table structure for table `user`
--

CREATE TABLE `user` (
  `U_id` int(11) NOT NULL,
  `EU_email` varchar(256) NOT NULL,
  `E_password` text NOT NULL,
  `U_level` varchar(50) NOT NULL,
  `E_id` int(11) NOT NULL,
  `Created_by` varchar(50) NOT NULL,
  `Created_Date` varchar(50) NOT NULL,
  `U_Status` varchar(10) NOT NULL
) ENGINE=InnoDB DEFAULT CHARSET=utf8mb4 COLLATE=utf8mb4_general_ci;

--
-- Dumping data for table `user`
--

INSERT INTO `user` (`U_id`, `EU_email`, `E_password`, `U_level`, `E_id`, `Created_by`, `Created_Date`, `U_Status`) VALUES
(1, 'developer@link.lk', '$2y$10$oktw6Z9xTuL71mOwDvkd8OnQl00RguBJ5eUPvUp9EFY4XCBHvJ/Xu', '0', 0, '1', '2023-06-16', '0'),
(24, 'developer@blueocean.lk', '$2y$10$R2A.FFAY9MA8ULLi1G3H.O6Kf7WD8ji47grSifPRljOn/rN.wYOsq', '0', 0, '1', '2024-02-28', '0'),
(32, 'yasiru@link.lk', '$2y$10$LtQQHVrdOokP6qgCa8DQkuper8ndJ0/u80Xxw.3YyheHAFQ74vfgO', '0', 47, '29', '2024-03-05', '0'),
(37, 'uk@blueocean.lk', '$2y$10$/NEF.wL..lxUpH15OASUROwV70hnHqJ6AyFIwvK7BZK55RNF4wvvS', '0', 0, '1', '2024-03-08', '0'),
(38, 'asst.hr@link.lk', '$2y$10$QpmwPyFTcI1rVPZ6ZwalfOjcVHa9tKae3VEVjvS4MPYCwip7FQJo.', '1', 0, '1', '2024-03-13', '0'),
(39, 'aaaa@link.lk', '$2y$10$r5oXq90WyOLWVO3.b0rwru8HjtBfkA/qM15TqCzqTnKAmRkmqBH02', '3', 0, '1', '2024-03-21', '0'),
(40, 'hr@link.lk', '$2y$10$DY6y7dX.cHExYyiy22PFA.WUHycxMZeXtBMbHnp0bsAPUt4N9Ft/u', '0', 0, '1', '2024-04-22', '0'),
(41, 'director@blueocean.lk', '$2y$10$qq9rJmvN4gI6CBb8j8lwIucCs3pp5TzBpaO79penBZPhaArRV57wO', '1', 0, '1', '2024-07-04', '0');

--
-- Indexes for dumped tables
--

--
-- Indexes for table `b_employees`
--
ALTER TABLE `b_employees`
  ADD PRIMARY KEY (`E_id`);

--
-- Indexes for table `company`
--
ALTER TABLE `company`
  ADD PRIMARY KEY (`C_id`);

--
-- Indexes for table `department`
--
ALTER TABLE `department`
  ADD PRIMARY KEY (`D_id`);

--
-- Indexes for table `edu_qualification`
--
ALTER TABLE `edu_qualification`
  ADD PRIMARY KEY (`edu_QID`);

--
-- Indexes for table `employmentshis`
--
ALTER TABLE `employmentshis`
  ADD PRIMARY KEY (`Emphis_id`);

--
-- Indexes for table `emp_attendence`
--
ALTER TABLE `emp_attendence`
  ADD PRIMARY KEY (`attendence_id`);

--
-- Indexes for table `emp_documents`
--
ALTER TABLE `emp_documents`
  ADD PRIMARY KEY (`EMPD_id`);

--
-- Indexes for table `e_family_member`
--
ALTER TABLE `e_family_member`
  ADD PRIMARY KEY (`Efm_id`);

--
-- Indexes for table `family_member`
--
ALTER TABLE `family_member`
  ADD PRIMARY KEY (`FM_id`);

--
-- Indexes for table `location`
--
ALTER TABLE `location`
  ADD PRIMARY KEY (`location_id`);

--
-- Indexes for table `login_logs`
--
ALTER TABLE `login_logs`
  ADD PRIMARY KEY (`log_id`);

--
-- Indexes for table `site`
--
ALTER TABLE `site`
  ADD PRIMARY KEY (`site_ID`);

--
-- Indexes for table `user`
--
ALTER TABLE `user`
  ADD PRIMARY KEY (`U_id`);

--
-- AUTO_INCREMENT for dumped tables
--

--
-- AUTO_INCREMENT for table `b_employees`
--
ALTER TABLE `b_employees`
  MODIFY `E_id` int(11) NOT NULL AUTO_INCREMENT, AUTO_INCREMENT=46;

--
-- AUTO_INCREMENT for table `company`
--
ALTER TABLE `company`
  MODIFY `C_id` int(11) NOT NULL AUTO_INCREMENT, AUTO_INCREMENT=6;

--
-- AUTO_INCREMENT for table `department`
--
ALTER TABLE `department`
  MODIFY `D_id` int(11) NOT NULL AUTO_INCREMENT, AUTO_INCREMENT=19;

--
-- AUTO_INCREMENT for table `edu_qualification`
--
ALTER TABLE `edu_qualification`
  MODIFY `edu_QID` int(11) NOT NULL AUTO_INCREMENT, AUTO_INCREMENT=2;

--
-- AUTO_INCREMENT for table `employmentshis`
--
ALTER TABLE `employmentshis`
  MODIFY `Emphis_id` int(11) NOT NULL AUTO_INCREMENT;

--
-- AUTO_INCREMENT for table `emp_attendence`
--
ALTER TABLE `emp_attendence`
  MODIFY `attendence_id` int(11) NOT NULL AUTO_INCREMENT, AUTO_INCREMENT=9822;

--
-- AUTO_INCREMENT for table `emp_documents`
--
ALTER TABLE `emp_documents`
  MODIFY `EMPD_id` int(11) NOT NULL AUTO_INCREMENT;

--
-- AUTO_INCREMENT for table `e_family_member`
--
ALTER TABLE `e_family_member`
  MODIFY `Efm_id` int(11) NOT NULL AUTO_INCREMENT, AUTO_INCREMENT=3;

--
-- AUTO_INCREMENT for table `family_member`
--
ALTER TABLE `family_member`
  MODIFY `FM_id` int(11) NOT NULL AUTO_INCREMENT;

--
-- AUTO_INCREMENT for table `location`
--
ALTER TABLE `location`
  MODIFY `location_id` int(11) NOT NULL AUTO_INCREMENT, AUTO_INCREMENT=2;

--
-- AUTO_INCREMENT for table `login_logs`
--
ALTER TABLE `login_logs`
  MODIFY `log_id` int(11) NOT NULL AUTO_INCREMENT, AUTO_INCREMENT=70;

--
-- AUTO_INCREMENT for table `site`
--
ALTER TABLE `site`
  MODIFY `site_ID` int(11) NOT NULL AUTO_INCREMENT;

--
-- AUTO_INCREMENT for table `user`
--
ALTER TABLE `user`
  MODIFY `U_id` int(11) NOT NULL AUTO_INCREMENT, AUTO_INCREMENT=42;
COMMIT;

/*!40101 SET CHARACTER_SET_CLIENT=@OLD_CHARACTER_SET_CLIENT */;
/*!40101 SET CHARACTER_SET_RESULTS=@OLD_CHARACTER_SET_RESULTS */;
/*!40101 SET COLLATION_CONNECTION=@OLD_COLLATION_CONNECTION */;
